# Delays, Delay errors, Counts
1.976631734776838067e-01,3.519789939252962571e-04,0.000000000000000000e+00
2.184555464945621694e-01,3.519790599944294944e-04,0.000000000000000000e+00
2.392479195114405321e-01,3.519791701096240720e-04,5.800000000000000000e+01
2.600402925283188393e-01,3.519793242708385192e-04,8.293380000000000000e+05
2.808326655451972020e-01,3.519795224780150481e-04,5.600000000000000000e+01
3.016250385620755647e-01,3.519797647310792281e-04,2.000000000000000000e+01
3.224174115789538719e-01,3.519800510299400946e-04,2.000000000000000000e+01
3.432097845958322901e-01,3.519803813744902033e-04,2.000000000000000000e+01
3.640021576127105973e-01,3.519807557646055757e-04,2.700000000000000000e+01
3.847945306295889600e-01,3.519811742001455364e-04,3.000000000000000000e+01
4.055869036464673227e-01,3.519816366809531472e-04,3.500000000000000000e+01
4.263792766633456299e-01,3.519821432068546648e-04,5.400000000000000000e+01
4.471716496802240481e-01,3.519826937776600285e-04,3.600000000000000000e+01
4.679640226971023553e-01,3.519832883931624809e-04,4.800000000000000000e+01
4.887563957139806625e-01,3.519839270531388933e-04,9.800000000000000000e+01
5.095487687308590807e-01,3.519846097573494943e-04,9.800000000000000000e+01
5.303411417477373879e-01,3.519853365055379242e-04,1.110000000000000000e+02
5.511335147646158061e-01,3.519861072974313980e-04,1.030000000000000000e+02
5.719258877814941133e-01,3.519869221327405961e-04,1.100000000000000000e+02
5.927182607983724205e-01,3.519877810111596652e-04,1.080000000000000000e+02
6.135106338152508387e-01,3.519886839323661636e-04,1.080000000000000000e+02
6.343030068321291459e-01,3.519896308960211695e-04,8.000000000000000000e+01
6.550953798490074531e-01,3.519906219017692275e-04,1.150000000000000000e+02
6.758877528658858713e-01,3.519916569492383476e-04,8.700000000000000000e+01
6.966801258827641785e-01,3.519927360380399519e-04,1.000000000000000000e+02
7.174724988996425967e-01,3.519938591677690366e-04,8.100000000000000000e+01
7.382648719165209039e-01,3.519950263380040639e-04,8.600000000000000000e+01
7.590572449333992111e-01,3.519962375483069077e-04,1.110000000000000000e+02
7.798496179502776293e-01,3.519974927982229621e-04,9.700000000000000000e+01
8.006419909671559365e-01,3.519987920872810327e-04,1.010000000000000000e+02
8.214343639840343547e-01,3.520001354149934997e-04,8.100000000000000000e+01
8.422267370009126619e-01,3.520015227808561548e-04,1.050000000000000000e+02
8.630191100177909691e-01,3.520029541843483641e-04,8.600000000000000000e+01
8.838114830346693873e-01,3.520044296249327429e-04,8.300000000000000000e+01
9.046038560515476945e-01,3.520059491020556975e-04,9.000000000000000000e+01
9.253962290684261127e-01,3.520075126151468834e-04,8.600000000000000000e+01
9.461886020853044199e-01,3.520091201636195303e-04,7.800000000000000000e+01
9.669809751021827271e-01,3.520107717468703339e-04,9.700000000000000000e+01
9.877733481190611453e-01,3.520124673642795101e-04,7.900000000000000000e+01
1.008565721135939341e+00,3.520142070152106864e-04,8.300000000000000000e+01
1.029358094152817760e+00,3.520159906990111189e-04,7.600000000000000000e+01
1.050150467169696178e+00,3.520178184150113670e-04,8.200000000000000000e+01
1.070942840186574374e+00,3.520196901625256185e-04,9.800000000000000000e+01
1.091735213203452792e+00,3.520216059408514731e-04,7.600000000000000000e+01
1.112527586220331210e+00,3.520235657492701048e-04,7.700000000000000000e+01
1.133319959237209407e+00,3.520255695870461534e-04,7.700000000000000000e+01
1.154112332254087825e+00,3.520276174534276163e-04,8.800000000000000000e+01
1.174904705270966243e+00,3.520297093476462279e-04,7.700000000000000000e+01
1.195697078287844661e+00,3.520318452689170799e-04,8.700000000000000000e+01
1.216489451304722857e+00,3.520340252164387844e-04,8.300000000000000000e+01
1.237281824321601276e+00,3.520362491893934192e-04,5.000000000000000000e+01
1.258074197338479694e+00,3.520385171869466908e-04,7.700000000000000000e+01
1.278866570355357890e+00,3.520408292082476088e-04,6.000000000000000000e+01
1.299658943372236308e+00,3.520431852524288658e-04,6.600000000000000000e+01
1.320451316389114726e+00,3.520455853186065659e-04,7.900000000000000000e+01
1.341243689405992923e+00,3.520480294058804418e-04,7.900000000000000000e+01
1.362036062422871341e+00,3.520505175133335296e-04,5.800000000000000000e+01
1.382828435439749759e+00,3.520530496400326023e-04,7.600000000000000000e+01
1.403620808456628177e+00,3.520556257850278445e-04,6.900000000000000000e+01
1.424413181473506373e+00,3.520582459473529068e-04,7.600000000000000000e+01
1.445205554490384792e+00,3.520609101260250141e-04,7.000000000000000000e+01
1.465997927507263210e+00,3.520636183200449116e-04,8.400000000000000000e+01
1.486790300524141406e+00,3.520663705283969729e-04,7.100000000000000000e+01
1.507582673541019824e+00,3.520691667500488206e-04,6.800000000000000000e+01
1.528375046557898242e+00,3.520720069839518686e-04,6.900000000000000000e+01
1.549167419574776439e+00,3.520748912290408883e-04,6.600000000000000000e+01
1.569959792591654857e+00,3.520778194842343338e-04,5.700000000000000000e+01
1.590752165608533275e+00,3.520807917484340709e-04,7.900000000000000000e+01
1.611544538625411471e+00,3.520838080205254857e-04,5.900000000000000000e+01
1.632336911642289889e+00,3.520868682993776467e-04,4.700000000000000000e+01
1.653129284659168308e+00,3.520899725838430344e-04,7.300000000000000000e+01
1.673921657676046726e+00,3.520931208727576494e-04,6.900000000000000000e+01
1.694714030692924922e+00,3.520963131649411750e-04,5.900000000000000000e+01
1.715506403709803340e+00,3.520995494591967604e-04,6.300000000000000000e+01
1.736298776726681758e+00,3.521028297543109665e-04,5.500000000000000000e+01
1.757091149743559955e+00,3.521061540490540913e-04,5.500000000000000000e+01
1.777883522760438373e+00,3.521095223421799526e-04,5.500000000000000000e+01
1.798675895777316791e+00,3.521129346324258346e-04,4.200000000000000000e+01
1.819468268794194987e+00,3.521163909185127039e-04,6.200000000000000000e+01
1.840260641811073405e+00,3.521198911991449930e-04,5.000000000000000000e+01
1.861053014827951824e+00,3.521234354730107090e-04,5.800000000000000000e+01
1.881845387844830020e+00,3.521270237387814331e-04,5.100000000000000000e+01
1.902637760861708438e+00,3.521306559951123210e-04,5.700000000000000000e+01
1.923430133878586856e+00,3.521343322406420484e-04,5.400000000000000000e+01
1.944222506895465052e+00,3.521380524739929738e-04,5.500000000000000000e+01
1.965014879912343471e+00,3.521418166937709216e-04,5.700000000000000000e+01
1.985807252929221889e+00,3.521456248985652907e-04,5.400000000000000000e+01
2.006599625946099863e+00,3.521494770869492167e-04,6.800000000000000000e+01
2.027391998962978281e+00,3.521533732574791387e-04,4.800000000000000000e+01
2.048184371979856699e+00,3.521573134086952868e-04,4.600000000000000000e+01
2.068976744996735118e+00,3.521612975391214657e-04,4.800000000000000000e+01
2.089769118013613536e+00,3.521653256472650540e-04,5.200000000000000000e+01
2.110561491030491954e+00,3.521693977316170052e-04,5.000000000000000000e+01
2.131353864047370372e+00,3.521735137906517924e-04,6.000000000000000000e+01
2.152146237064248346e+00,3.521776738228275718e-04,4.300000000000000000e+01
2.172938610081126765e+00,3.521818778265861281e-04,4.400000000000000000e+01
2.193730983098005183e+00,3.521861258003528201e-04,4.900000000000000000e+01
2.214523356114883601e+00,3.521904177425365270e-04,3.900000000000000000e+01
2.235315729131762019e+00,3.521947536515299191e-04,4.200000000000000000e+01
2.256108102148639993e+00,3.521991335257091326e-04,5.100000000000000000e+01
2.276900475165518412e+00,3.522035573634339323e-04,4.300000000000000000e+01
2.297692848182396830e+00,3.522080251630477655e-04,3.900000000000000000e+01
2.318485221199275248e+00,3.522125369228776542e-04,5.100000000000000000e+01
2.339277594216153666e+00,3.522170926412343029e-04,5.200000000000000000e+01
2.360069967233032084e+00,3.522216923164118822e-04,5.100000000000000000e+01
2.380862340249910059e+00,3.522263359466884622e-04,4.800000000000000000e+01
2.401654713266788477e+00,3.522310235303255247e-04,3.300000000000000000e+01
2.422447086283666895e+00,3.522357550655682342e-04,3.300000000000000000e+01
2.443239459300545313e+00,3.522405305506454923e-04,4.700000000000000000e+01
2.464031832317423731e+00,3.522453499837697750e-04,4.400000000000000000e+01
2.484824205334302150e+00,3.522502133631371865e-04,3.900000000000000000e+01
2.505616578351180124e+00,3.522551206869275141e-04,4.700000000000000000e+01
2.526408951368058542e+00,3.522600719533041194e-04,3.900000000000000000e+01
2.547201324384936960e+00,3.522650671604142633e-04,4.300000000000000000e+01
2.567993697401815378e+00,3.522701063063885104e-04,4.200000000000000000e+01
2.588786070418693797e+00,3.522751893893413789e-04,3.700000000000000000e+01
2.609578443435572215e+00,3.522803164073710154e-04,2.700000000000000000e+01
2.630370816452450633e+00,3.522854873585590870e-04,4.000000000000000000e+01
2.651163189469328607e+00,3.522907022409710515e-04,4.500000000000000000e+01
2.671955562486207025e+00,3.522959610526560500e-04,4.500000000000000000e+01
2.692747935503085444e+00,3.523012637916468517e-04,3.900000000000000000e+01
2.713540308519963862e+00,3.523066104559599630e-04,3.200000000000000000e+01
2.734332681536842280e+00,3.523120010435955188e-04,1.800000000000000000e+01
2.755125054553720698e+00,3.523174355525374450e-04,3.800000000000000000e+01
2.775917427570598672e+00,3.523229139807532964e-04,3.300000000000000000e+01
2.796709800587477091e+00,3.523284363261943645e-04,2.900000000000000000e+01
2.817502173604355509e+00,3.523340025867955695e-04,4.400000000000000000e+01
2.838294546621233927e+00,3.523396127604756225e-04,2.700000000000000000e+01
2.859086919638112345e+00,3.523452668451369178e-04,3.100000000000000000e+01
2.879879292654990763e+00,3.523509648386655862e-04,3.600000000000000000e+01
2.900671665671869182e+00,3.523567067389314416e-04,3.100000000000000000e+01
2.921464038688747156e+00,3.523624925437880890e-04,3.300000000000000000e+01
2.942256411705625574e+00,3.523683222510727618e-04,2.700000000000000000e+01
2.963048784722503992e+00,3.523741958586065390e-04,3.900000000000000000e+01
2.983841157739382410e+00,3.523801133641940738e-04,3.400000000000000000e+01
3.004633530756260829e+00,3.523860747656240274e-04,3.400000000000000000e+01
3.025425903773139247e+00,3.523920800606685812e-04,3.900000000000000000e+01
3.046218276790017221e+00,3.523981292470836535e-04,3.200000000000000000e+01
3.067010649806895639e+00,3.524042223226091165e-04,3.100000000000000000e+01
3.087803022823774057e+00,3.524103592849683626e-04,3.200000000000000000e+01
3.108595395840652476e+00,3.524165401318687376e-04,3.700000000000000000e+01
3.129387768857530894e+00,3.524227648610013248e-04,3.300000000000000000e+01
3.150180141874409312e+00,3.524290334700408357e-04,2.700000000000000000e+01
3.170972514891287730e+00,3.524353459566458816e-04,3.800000000000000000e+01
3.191764887908165704e+00,3.524417023184588647e-04,4.600000000000000000e+01
3.212557260925044123e+00,3.524481025531059244e-04,3.100000000000000000e+01
3.233349633941922541e+00,3.524545466581969371e-04,4.400000000000000000e+01
3.254142006958800959e+00,3.524610346313256245e-04,2.800000000000000000e+01
3.274934379975679377e+00,3.524675664700696620e-04,2.700000000000000000e+01
3.295726752992557795e+00,3.524741421719901910e-04,2.500000000000000000e+01
3.316519126009435769e+00,3.524807617346324153e-04,2.700000000000000000e+01
3.337311499026314188e+00,3.524874251555253296e-04,3.200000000000000000e+01
3.358103872043192606e+00,3.524941324321816116e-04,2.000000000000000000e+01
3.378896245060071024e+00,3.525008835620978926e-04,2.500000000000000000e+01
3.399688618076949442e+00,3.525076785427545410e-04,3.100000000000000000e+01
3.420480991093827861e+00,3.525145173716158248e-04,3.800000000000000000e+01
3.441273364110705835e+00,3.525214000461298030e-04,2.900000000000000000e+01
3.462065737127584253e+00,3.525283265637283803e-04,3.000000000000000000e+01
3.482858110144462671e+00,3.525352969218272523e-04,1.600000000000000000e+01
3.503650483161341089e+00,3.525423111178261227e-04,2.600000000000000000e+01
3.524442856178219508e+00,3.525493691491083238e-04,2.400000000000000000e+01
3.545235229195097926e+00,3.525564710130413043e-04,3.100000000000000000e+01
3.566027602211976344e+00,3.525636167069760873e-04,2.800000000000000000e+01
3.586819975228854318e+00,3.525708062282477580e-04,2.500000000000000000e+01
3.607612348245732736e+00,3.525780395741753013e-04,2.100000000000000000e+01
3.628404721262611154e+00,3.525853167420614389e-04,2.800000000000000000e+01
3.649197094279489573e+00,3.525926377291928467e-04,2.100000000000000000e+01
3.669989467296367991e+00,3.526000025328400998e-04,2.400000000000000000e+01
3.690781840313246409e+00,3.526074111502576188e-04,1.800000000000000000e+01
3.711574213330124383e+00,3.526148635786838324e-04,2.900000000000000000e+01
3.732366586347002801e+00,3.526223598153409061e-04,2.300000000000000000e+01
3.753158959363881220e+00,3.526298998574350680e-04,3.000000000000000000e+01
3.773951332380759638e+00,3.526374837021563910e-04,1.800000000000000000e+01
3.794743705397638056e+00,3.526451113466787940e-04,2.700000000000000000e+01
3.815536078414516474e+00,3.526527827881603119e-04,3.300000000000000000e+01
3.836328451431394448e+00,3.526604980237427168e-04,2.500000000000000000e+01
3.857120824448272867e+00,3.526682570505517344e-04,2.400000000000000000e+01
3.877913197465151285e+00,3.526760598656972613e-04,2.800000000000000000e+01
3.898705570482029703e+00,3.526839064662727684e-04,2.100000000000000000e+01
3.919497943498908121e+00,3.526917968493560054e-04,2.000000000000000000e+01
3.940290316515786539e+00,3.526997310120085134e-04,2.100000000000000000e+01
3.961082689532664958e+00,3.527077089512758415e-04,2.200000000000000000e+01
3.981875062549542932e+00,3.527157306641874384e-04,2.400000000000000000e+01
4.002667435566421794e+00,3.527237961477567608e-04,1.200000000000000000e+01
4.023459808583299768e+00,3.527319053989813819e-04,1.800000000000000000e+01
4.044252181600178631e+00,3.527400584148426116e-04,2.800000000000000000e+01
4.065044554617056605e+00,3.527482551923059851e-04,2.500000000000000000e+01
4.085836927633935467e+00,3.527564957283207741e-04,1.800000000000000000e+01
4.106629300650813441e+00,3.527647800198205298e-04,3.000000000000000000e+01
4.127421673667691415e+00,3.527731080637226484e-04,2.400000000000000000e+01
4.148214046684570278e+00,3.527814798569285887e-04,2.100000000000000000e+01
4.169006419701448252e+00,3.527898953963237087e-04,1.900000000000000000e+01
4.189798792718326226e+00,3.527983546787775374e-04,2.600000000000000000e+01
4.210591165735205088e+00,3.528068577011436117e-04,1.700000000000000000e+01
4.231383538752083062e+00,3.528154044602594222e-04,1.900000000000000000e+01
4.252175911768961925e+00,3.528239949529465760e-04,2.200000000000000000e+01
4.272968284785839899e+00,3.528326291760107425e-04,1.000000000000000000e+01
4.293760657802718761e+00,3.528413071262414906e-04,2.000000000000000000e+01
4.314553030819596735e+00,3.528500288004126685e-04,2.200000000000000000e+01
4.335345403836474709e+00,3.528587941952820778e-04,1.900000000000000000e+01
4.356137776853353571e+00,3.528676033075914742e-04,1.700000000000000000e+01
4.376930149870231546e+00,3.528764561340668924e-04,2.100000000000000000e+01
4.397722522887110408e+00,3.528853526714184293e-04,1.400000000000000000e+01
4.418514895903988382e+00,3.528942929163400815e-04,1.600000000000000000e+01
4.439307268920866356e+00,3.529032768655100704e-04,2.300000000000000000e+01
4.460099641937745218e+00,3.529123045155907880e-04,2.000000000000000000e+01
4.480892014954623193e+00,3.529213758632285800e-04,1.400000000000000000e+01
4.501684387971502055e+00,3.529304909050541257e-04,1.500000000000000000e+01
4.522476760988380029e+00,3.529396496376818954e-04,1.700000000000000000e+01
4.543269134005258891e+00,3.529488520577107468e-04,1.900000000000000000e+01
4.564061507022136865e+00,3.529580981617235999e-04,2.300000000000000000e+01
4.584853880039014840e+00,3.529673879462874911e-04,1.300000000000000000e+01
4.605646253055893702e+00,3.529767214079536277e-04,1.500000000000000000e+01
4.626438626072771676e+00,3.529860985432572789e-04,2.000000000000000000e+01
4.647230999089650538e+00,3.529955193487181015e-04,2.500000000000000000e+01
4.668023372106528512e+00,3.530049838208395435e-04,2.000000000000000000e+01
4.688815745123407375e+00,3.530144919561096573e-04,1.600000000000000000e+01
4.709608118140285349e+00,3.530240437510003405e-04,1.700000000000000000e+01
4.730400491157163323e+00,3.530336392019677700e-04,1.800000000000000000e+01
4.751192864174042185e+00,3.530432783054523473e-04,1.500000000000000000e+01
4.771985237190920159e+00,3.530529610578786990e-04,2.400000000000000000e+01
4.792777610207799022e+00,3.530626874556555138e-04,2.300000000000000000e+01
4.813569983224676996e+00,3.530724574951758679e-04,1.300000000000000000e+01
4.834362356241554970e+00,3.530822711728168997e-04,1.900000000000000000e+01
4.855154729258433832e+00,3.530921284849400810e-04,9.000000000000000000e+00
4.875947102275311806e+00,3.531020294278910542e-04,1.700000000000000000e+01
4.896739475292190669e+00,3.531119739979997406e-04,1.100000000000000000e+01
4.917531848309068643e+00,3.531219621915802323e-04,1.600000000000000000e+01
4.938324221325947505e+00,3.531319940049309006e-04,1.600000000000000000e+01
4.959116594342825479e+00,3.531420694343344498e-04,1.800000000000000000e+01
4.979908967359703453e+00,3.531521884760577008e-04,1.400000000000000000e+01
5.000701340376582316e+00,3.531623511263519161e-04,2.000000000000000000e+01
5.021493713393460290e+00,3.531725573814524749e-04,1.700000000000000000e+01
5.042286086410339152e+00,3.531828072375791435e-04,1.300000000000000000e+01
5.063078459427217126e+00,3.531931006909359676e-04,1.000000000000000000e+01
5.083870832444095988e+00,3.532034377377112175e-04,1.700000000000000000e+01
5.104663205460973963e+00,3.532138183740774970e-04,1.000000000000000000e+01
5.125455578477851937e+00,3.532242425961917972e-04,1.400000000000000000e+01
5.146247951494730799e+00,3.532347104001953885e-04,1.600000000000000000e+01
5.167040324511608773e+00,3.532452217822138201e-04,2.100000000000000000e+01
5.187832697528487635e+00,3.532557767383570288e-04,1.700000000000000000e+01
5.208625070545365610e+00,3.532663752647192306e-04,1.800000000000000000e+01
5.229417443562244472e+00,3.532770173573789745e-04,1.300000000000000000e+01
5.250209816579122446e+00,3.532877030123994142e-04,1.400000000000000000e+01
5.271002189596000420e+00,3.532984322258276568e-04,1.800000000000000000e+01
5.291794562612879282e+00,3.533092049936954683e-04,1.100000000000000000e+01
5.312586935629757257e+00,3.533200213120188935e-04,2.100000000000000000e+01
5.333379308646636119e+00,3.533308811767984191e-04,1.400000000000000000e+01
5.354171681663514093e+00,3.533417845840188649e-04,9.000000000000000000e+00
5.374964054680392067e+00,3.533527315296494382e-04,1.000000000000000000e+01
5.395756427697270929e+00,3.533637220096437341e-04,1.200000000000000000e+01
5.416548800714148904e+00,3.533747560199398973e-04,1.400000000000000000e+01
5.437341173731027766e+00,3.533858335564604063e-04,1.100000000000000000e+01
5.458133546747905740e+00,3.533969546151120183e-04,1.800000000000000000e+01
5.478925919764784602e+00,3.534081191917861492e-04,1.300000000000000000e+01
5.499718292781662576e+00,3.534193272823586566e-04,1.600000000000000000e+01
5.520510665798540550e+00,3.534305788826896228e-04,1.100000000000000000e+01
5.541303038815419413e+00,3.534418739886238431e-04,2.000000000000000000e+01
5.562095411832297387e+00,3.534532125959903917e-04,1.400000000000000000e+01
5.582887784849176249e+00,3.534645947006028930e-04,9.000000000000000000e+00
5.603680157866054223e+00,3.534760202982594672e-04,9.000000000000000000e+00
5.624472530882933086e+00,3.534874893847427305e-04,7.000000000000000000e+00
5.645264903899811060e+00,3.534990019558197408e-04,1.400000000000000000e+01
5.666057276916689034e+00,3.535105580072421061e-04,1.200000000000000000e+01
5.686849649933567896e+00,3.535221575347458761e-04,1.500000000000000000e+01
5.707642022950445870e+00,3.535338005340517048e-04,1.600000000000000000e+01
5.728434395967324733e+00,3.535454870008647422e-04,1.400000000000000000e+01
5.749226768984202707e+00,3.535572169308746882e-04,9.000000000000000000e+00
5.770019142001080681e+00,3.535689903197556847e-04,1.400000000000000000e+01
5.790811515017959543e+00,3.535808071631665861e-04,1.500000000000000000e+01
5.811603888034837517e+00,3.535926674567506345e-04,1.300000000000000000e+01
5.832396261051716380e+00,3.536045711961358388e-04,1.100000000000000000e+01
5.853188634068594354e+00,3.536165183769346496e-04,9.000000000000000000e+00
5.873981007085473216e+00,3.536285089947440678e-04,1.900000000000000000e+01
5.894773380102351190e+00,3.536405430451456983e-04,1.300000000000000000e+01
5.915565753119229164e+00,3.536526205237058591e-04,1.300000000000000000e+01
5.936358126136108027e+00,3.536647414259754181e-04,1.100000000000000000e+01
5.957150499152986001e+00,3.536769057474897933e-04,7.000000000000000000e+00
5.977942872169864863e+00,3.536891134837691158e-04,9.000000000000000000e+00
5.998735245186742837e+00,3.537013646303180121e-04,8.000000000000000000e+00
6.019527618203621699e+00,3.537136591826259844e-04,6.000000000000000000e+00
6.040319991220499674e+00,3.537259971361668138e-04,4.000000000000000000e+00
6.061112364237377648e+00,3.537383784863993739e-04,1.100000000000000000e+01
6.081904737254256510e+00,3.537508032287668713e-04,1.400000000000000000e+01
6.102697110271134484e+00,3.537632713586973338e-04,1.200000000000000000e+01
6.123489483288013346e+00,3.537757828716034478e-04,1.100000000000000000e+01
6.144281856304891321e+00,3.537883377628825042e-04,6.000000000000000000e+00
6.165074229321770183e+00,3.538009360279166689e-04,1.500000000000000000e+01
6.185866602338648157e+00,3.538135776620725498e-04,9.000000000000000000e+00
6.206658975355526131e+00,3.538262626607017926e-04,9.000000000000000000e+00
6.227451348372404993e+00,3.538389910191405393e-04,1.200000000000000000e+01
6.248243721389282967e+00,3.538517627327096441e-04,1.000000000000000000e+01
6.269036094406161830e+00,3.538645777967148369e-04,1.400000000000000000e+01
6.289828467423039804e+00,3.538774362064465604e-04,1.300000000000000000e+01
6.310620840439917778e+00,3.538903379571799158e-04,1.000000000000000000e+01
6.331413213456796640e+00,3.539032830441749336e-04,8.000000000000000000e+00
6.352205586473674614e+00,3.539162714626762490e-04,8.000000000000000000e+00
6.372997959490553477e+00,3.539293032079133183e-04,7.000000000000000000e+00
6.393790332507431451e+00,3.539423782751005272e-04,8.000000000000000000e+00
6.414582705524310313e+00,3.539554966594368659e-04,1.200000000000000000e+01
6.435375078541188287e+00,3.539686583561062541e-04,4.000000000000000000e+00
6.456167451558066261e+00,3.539818633602773786e-04,1.000000000000000000e+01
6.476959824574945124e+00,3.539951116671038013e-04,9.000000000000000000e+00
6.497752197591823098e+00,3.540084032717239057e-04,5.000000000000000000e+00
6.518544570608701960e+00,3.540217381692608418e-04,9.000000000000000000e+00
6.539336943625579934e+00,3.540351163548226352e-04,8.000000000000000000e+00
6.560129316642458797e+00,3.540485378235022954e-04,1.100000000000000000e+01
6.580921689659336771e+00,3.540620025703775445e-04,1.400000000000000000e+01
6.601714062676214745e+00,3.540755105905110884e-04,8.000000000000000000e+00
6.622506435693093607e+00,3.540890618789504000e-04,3.000000000000000000e+00
6.643298808709971581e+00,3.541026564307280444e-04,6.000000000000000000e+00
6.664091181726850444e+00,3.541162942408612995e-04,6.000000000000000000e+00
6.684883554743728418e+00,3.541299753043524270e-04,5.000000000000000000e+00
6.705675927760606392e+00,3.541436996161886181e-04,2.000000000000000000e+00
6.726468300777485254e+00,3.541574671713419937e-04,6.000000000000000000e+00
6.747260673794363228e+00,3.541712779647696583e-04,1.000000000000000000e+01
6.768053046811242091e+00,3.541851319914135921e-04,1.000000000000000000e+01
6.788845419828120065e+00,3.541990292462007589e-04,2.000000000000000000e+00
6.809637792844998927e+00,3.542129697240430520e-04,7.000000000000000000e+00
6.830430165861876901e+00,3.542269534198374571e-04,3.000000000000000000e+00
6.851222538878754875e+00,3.542409803284658895e-04,3.000000000000000000e+00
6.872014911895633738e+00,3.542550504447951397e-04,1.000000000000000000e+01
6.892807284912511712e+00,3.542691637636771989e-04,6.000000000000000000e+00
6.913599657929390574e+00,3.542833202799489881e-04,3.000000000000000000e+00
6.934392030946268548e+00,3.542975199884324119e-04,7.000000000000000000e+00
6.955184403963147410e+00,3.543117628839344670e-04,2.000000000000000000e+00
6.975976776980025384e+00,3.543260489612471342e-04,5.000000000000000000e+00
6.996769149996903359e+00,3.543403782151475405e-04,7.000000000000000000e+00
7.017561523013782221e+00,3.543547506403977427e-04,8.000000000000000000e+00
7.038353896030660195e+00,3.543691662317449980e-04,8.000000000000000000e+00
7.059146269047539057e+00,3.543836249839215475e-04,1.100000000000000000e+01
7.079938642064417031e+00,3.543981268916447788e-04,1.200000000000000000e+01
7.100731015081295006e+00,3.544126719496171174e-04,1.100000000000000000e+01
7.121523388098173868e+00,3.544272601525262439e-04,1.400000000000000000e+01
7.142315761115051842e+00,3.544418914950447138e-04,7.000000000000000000e+00
7.163108134131930704e+00,3.544565659718303921e-04,8.000000000000000000e+00
7.183900507148808678e+00,3.544712835775262901e-04,1.100000000000000000e+01
7.204692880165687541e+00,3.544860443067605112e-04,1.200000000000000000e+01
7.225485253182565515e+00,3.545008481541461970e-04,1.000000000000000000e+01
7.246277626199443489e+00,3.545156951142818522e-04,7.000000000000000000e+00
7.267069999216322351e+00,3.545305851817511281e-04,1.100000000000000000e+01
7.287862372233200325e+00,3.545455183511227138e-04,8.000000000000000000e+00
7.308654745250079188e+00,3.545604946169506077e-04,4.000000000000000000e+00
7.329447118266957162e+00,3.545755139737740086e-04,6.000000000000000000e+00
7.350239491283836024e+00,3.545905764161173704e-04,1.300000000000000000e+01
7.371031864300713998e+00,3.546056819384901847e-04,6.000000000000000000e+00
7.391824237317591972e+00,3.546208305353874151e-04,8.000000000000000000e+00
7.412616610334470835e+00,3.546360222012891715e-04,5.000000000000000000e+00
7.433408983351348809e+00,3.546512569306607102e-04,9.000000000000000000e+00
7.454201356368227671e+00,3.546665347179527050e-04,8.000000000000000000e+00
7.474993729385105645e+00,3.546818555576010303e-04,4.000000000000000000e+00
7.495786102401983619e+00,3.546972194440268155e-04,1.100000000000000000e+01
7.516578475418862482e+00,3.547126263716366616e-04,9.000000000000000000e+00
7.537370848435740456e+00,3.547280763348222075e-04,8.000000000000000000e+00
7.558163221452619318e+00,3.547435693279606182e-04,9.000000000000000000e+00
7.578955594469497292e+00,3.547591053454142050e-04,1.100000000000000000e+01
7.599747967486376155e+00,3.547746843815308051e-04,6.000000000000000000e+00
7.620540340503254129e+00,3.547903064306434022e-04,7.000000000000000000e+00
7.641332713520132103e+00,3.548059714870705058e-04,6.000000000000000000e+00
7.662125086537010965e+00,3.548216795451158805e-04,6.000000000000000000e+00
7.682917459553888939e+00,3.548374305990687080e-04,6.000000000000000000e+00
7.703709832570767801e+00,3.548532246432035877e-04,4.000000000000000000e+00
7.724502205587645776e+00,3.548690616717803739e-04,7.000000000000000000e+00
7.745294578604524638e+00,3.548849416790445009e-04,9.000000000000000000e+00
7.766086951621402612e+00,3.549008646592266580e-04,7.000000000000000000e+00
7.786879324638280586e+00,3.549168306065431143e-04,7.000000000000000000e+00
7.807671697655159448e+00,3.549328395151955026e-04,3.000000000000000000e+00
7.828464070672037423e+00,3.549488913793707643e-04,4.000000000000000000e+00
7.849256443688916285e+00,3.549649861932416381e-04,3.000000000000000000e+00
7.870048816705794259e+00,3.549811239509659006e-04,1.200000000000000000e+01
7.890841189722673121e+00,3.549973046466871796e-04,4.000000000000000000e+00
7.911633562739551095e+00,3.550135282745343576e-04,5.000000000000000000e+00
7.932425935756429070e+00,3.550297948286218973e-04,3.000000000000000000e+00
7.953218308773307932e+00,3.550461043030497333e-04,1.100000000000000000e+01
7.974010681790185906e+00,3.550624566919034341e-04,3.000000000000000000e+00
7.994803054807064768e+00,3.550788519892539318e-04,1.500000000000000000e+01
8.015595427823942742e+00,3.550952901891577386e-04,4.000000000000000000e+00
8.036387800840820717e+00,3.551117712856570550e-04,6.000000000000000000e+00
8.057180173857700467e+00,3.551282952727794449e-04,4.000000000000000000e+00
8.077972546874578441e+00,3.551448621445382151e-04,5.000000000000000000e+00
8.098764919891456415e+00,3.551614718949320897e-04,5.000000000000000000e+00
8.119557292908334389e+00,3.551781245179454812e-04,3.000000000000000000e+00
8.140349665925214140e+00,3.551948200075484910e-04,6.000000000000000000e+00
8.161142038942092114e+00,3.552115583576965835e-04,1.000000000000000000e+01
8.181934411958970088e+00,3.552283395623310742e-04,1.000000000000000000e+01
8.202726784975848062e+00,3.552451636153788591e-04,5.000000000000000000e+00
8.223519157992727813e+00,3.552620305107523596e-04,8.000000000000000000e+00
8.244311531009605787e+00,3.552789402423498486e-04,7.000000000000000000e+00
8.265103904026483761e+00,3.552958928040550707e-04,5.000000000000000000e+00
8.285896277043361735e+00,3.553128881897376213e-04,1.000000000000000000e+01
8.306688650060239709e+00,3.553299263932527307e-04,2.000000000000000000e+00
8.327481023077119460e+00,3.553470074084412087e-04,4.000000000000000000e+00
8.348273396093997434e+00,3.553641312291296625e-04,8.000000000000000000e+00
8.369065769110875408e+00,3.553812978491304960e-04,6.000000000000000000e+00
8.389858142127753382e+00,3.553985072622417476e-04,4.000000000000000000e+00
8.410650515144633133e+00,3.554157594622471984e-04,3.000000000000000000e+00
8.431442888161511107e+00,3.554330544429164804e-04,3.000000000000000000e+00
8.452235261178389081e+00,3.554503921980048603e-04,6.000000000000000000e+00
8.473027634195267055e+00,3.554677727212534016e-04,4.000000000000000000e+00
8.493820007212145029e+00,3.554851960063890731e-04,5.000000000000000000e+00
8.514612380229024780e+00,3.555026620471245322e-04,5.000000000000000000e+00
8.535404753245902754e+00,3.555201708371582875e-04,3.000000000000000000e+00
8.556197126262780728e+00,3.555377223701745902e-04,3.000000000000000000e+00
8.576989499279658702e+00,3.555553166398435971e-04,7.000000000000000000e+00
8.597781872296536676e+00,3.555729536398213159e-04,1.000000000000000000e+00
8.618574245313416426e+00,3.555906333637496057e-04,4.000000000000000000e+00
8.639366618330294401e+00,3.556083558052561765e-04,4.000000000000000000e+00
8.660158991347172375e+00,3.556261209579544814e-04,1.300000000000000000e+01
8.680951364364050349e+00,3.556439288154440953e-04,6.000000000000000000e+00
8.701743737380928323e+00,3.556617793713103904e-04,5.000000000000000000e+00
8.722536110397808073e+00,3.556796726191245898e-04,9.000000000000000000e+00
8.743328483414686048e+00,3.556976085524438222e-04,9.000000000000000000e+00
8.764120856431564022e+00,3.557155871648113384e-04,6.000000000000000000e+00
8.784913229448441996e+00,3.557336084497561318e-04,8.000000000000000000e+00
8.805705602465321746e+00,3.557516724007932099e-04,5.000000000000000000e+00
8.826497975482199720e+00,3.557697790114235396e-04,1.000000000000000000e+00
8.847290348499077695e+00,3.557879282751341015e-04,1.000000000000000000e+01
8.868082721515955669e+00,3.558061201853978902e-04,7.000000000000000000e+00
8.888875094532833643e+00,3.558243547356737513e-04,5.000000000000000000e+00
8.909667467549713393e+00,3.558426319194067070e-04,4.000000000000000000e+00
8.930459840566591367e+00,3.558609517300277388e-04,2.000000000000000000e+00
8.951252213583469342e+00,3.558793141609538422e-04,6.000000000000000000e+00
8.972044586600347316e+00,3.558977192055880266e-04,4.000000000000000000e+00
8.992836959617225290e+00,3.559161668573194775e-04,5.000000000000000000e+00
9.013629332634105040e+00,3.559346571095233403e-04,2.000000000000000000e+00
9.034421705650983014e+00,3.559531899555608823e-04,2.000000000000000000e+00
9.055214078667860989e+00,3.559717653887794391e-04,5.000000000000000000e+00
9.076006451684738963e+00,3.559903834025125225e-04,7.000000000000000000e+00
9.096798824701616937e+00,3.560090439900796041e-04,4.000000000000000000e+00
9.117591197718496687e+00,3.560277471447864401e-04,2.000000000000000000e+00
9.138383570735374661e+00,3.560464928599249091e-04,3.000000000000000000e+00
9.159175943752252635e+00,3.560652811287729033e-04,7.000000000000000000e+00
9.179968316769130610e+00,3.560841119445946543e-04,6.000000000000000000e+00
9.200760689786010360e+00,3.561029853006403528e-04,4.000000000000000000e+00
9.221553062802888334e+00,3.561219011901466374e-04,6.000000000000000000e+00
9.242345435819766308e+00,3.561408596063361061e-04,6.000000000000000000e+00
9.263137808836644282e+00,3.561598605424176958e-04,9.000000000000000000e+00
9.283930181853522257e+00,3.561789039915865202e-04,6.000000000000000000e+00
9.304722554870402007e+00,3.561979899470239775e-04,2.000000000000000000e+00
9.325514927887279981e+00,3.562171184018976425e-04,5.000000000000000000e+00
9.346307300904157955e+00,3.562362893493613205e-04,9.000000000000000000e+00
9.367099673921035929e+00,3.562555027825552645e-04,1.000000000000000000e+00
9.387892046937913904e+00,3.562747586946057410e-04,6.000000000000000000e+00
9.408684419954793654e+00,3.562940570786254642e-04,4.000000000000000000e+00
9.429476792971671628e+00,3.563133979277134330e-04,3.000000000000000000e+00
9.450269165988549602e+00,3.563327812349549855e-04,7.000000000000000000e+00
9.471061539005427576e+00,3.563522069934217987e-04,4.000000000000000000e+00
9.491853912022305551e+00,3.563716751961717262e-04,5.000000000000000000e+00
9.512646285039185301e+00,3.563911858362491772e-04,3.000000000000000000e+00
9.533438658056063275e+00,3.564107389066847919e-04,2.000000000000000000e+00
9.554231031072941249e+00,3.564303344004957118e-04,4.000000000000000000e+00
9.575023404089819223e+00,3.564499723106852552e-04,4.000000000000000000e+00
9.595815777106698974e+00,3.564696526302433503e-04,4.000000000000000000e+00
9.616608150123576948e+00,3.564893753521462642e-04,5.000000000000000000e+00
9.637400523140454922e+00,3.565091404693567119e-04,7.000000000000000000e+00
9.658192896157332896e+00,3.565289479748236928e-04,4.000000000000000000e+00
9.678985269174210870e+00,3.565487978614828167e-04,4.000000000000000000e+00
9.699777642191090621e+00,3.565686901222561407e-04,5.000000000000000000e+00
9.720570015207968595e+00,3.565886247500521153e-04,3.000000000000000000e+00
9.741362388224846569e+00,3.566086017377658010e-04,2.000000000000000000e+00
9.762154761241724543e+00,3.566286210782785432e-04,7.000000000000000000e+00
9.782947134258602517e+00,3.566486827644583515e-04,5.000000000000000000e+00
9.803739507275482268e+00,3.566687867891598458e-04,3.000000000000000000e+00
9.824531880292360242e+00,3.566889331452239307e-04,4.000000000000000000e+00
9.845324253309238216e+00,3.567091218254782293e-04,5.000000000000000000e+00
9.866116626326116190e+00,3.567293528227368665e-04,6.000000000000000000e+00
9.886908999342995941e+00,3.567496261298005772e-04,3.000000000000000000e+00
9.907701372359873915e+00,3.567699417394565981e-04,3.000000000000000000e+00
9.928493745376751889e+00,3.567902996444788301e-04,7.000000000000000000e+00
9.949286118393629863e+00,3.568106998376278385e-04,7.000000000000000000e+00
9.970078491410507837e+00,3.568311423116506359e-04,4.000000000000000000e+00
9.990870864427387588e+00,3.568516270592810079e-04,4.000000000000000000e+00
1.001166323744426556e+01,3.568721540732392957e-04,3.000000000000000000e+00
1.003245561046114354e+01,3.568927233462325594e-04,1.000000000000000000e+00
1.005324798347802151e+01,3.569133348709545230e-04,2.000000000000000000e+00
1.007404035649489948e+01,3.569339886400855750e-04,5.000000000000000000e+00
1.009483272951177923e+01,3.569546846462928226e-04,2.000000000000000000e+00
1.011562510252865721e+01,3.569754228822299828e-04,5.000000000000000000e+00
1.013641747554553518e+01,3.569962033405375997e-04,4.000000000000000000e+00
1.015720984856241316e+01,3.570170260138428816e-04,7.000000000000000000e+00
1.017800222157929113e+01,3.570378908947599182e-04,7.000000000000000000e+00
1.019879459459617088e+01,3.570587979758894090e-04,9.000000000000000000e+00
1.021958696761304886e+01,3.570797472498187723e-04,3.000000000000000000e+00
1.024037934062992683e+01,3.571007387091223615e-04,6.000000000000000000e+00
1.026117171364680480e+01,3.571217723463613572e-04,3.000000000000000000e+00
1.028196408666368455e+01,3.571428481540834957e-04,3.000000000000000000e+00
1.030275645968056253e+01,3.571639661248235571e-04,2.000000000000000000e+00
1.032354883269744050e+01,3.571851262511031486e-04,5.000000000000000000e+00
1.034434120571431848e+01,3.572063285254305416e-04,5.000000000000000000e+00
1.036513357873119645e+01,3.572275729403011054e-04,4.000000000000000000e+00
1.038592595174807620e+01,3.572488594881969280e-04,5.000000000000000000e+00
1.040671832476495418e+01,3.572701881615869242e-04,1.000000000000000000e+00
1.042751069778183215e+01,3.572915589529271070e-04,5.000000000000000000e+00
1.044830307079871012e+01,3.573129718546602619e-04,6.000000000000000000e+00
1.046909544381558810e+01,3.573344268592161099e-04,1.000000000000000000e+00
1.048988781683246785e+01,3.573559239590112530e-04,5.000000000000000000e+00
1.051068018984934582e+01,3.573774631464493915e-04,3.000000000000000000e+00
1.053147256286622380e+01,3.573990444139211607e-04,5.000000000000000000e+00
1.055226493588310177e+01,3.574206677538039147e-04,5.000000000000000000e+00
1.057305730889997974e+01,3.574423331584623766e-04,5.000000000000000000e+00
1.059384968191685950e+01,3.574640406202480420e-04,5.000000000000000000e+00
1.061464205493373747e+01,3.574857901314993421e-04,4.000000000000000000e+00
1.063543442795061544e+01,3.575075816845419687e-04,1.000000000000000000e+00
1.065622680096749342e+01,3.575294152716884948e-04,7.000000000000000000e+00
1.067701917398437317e+01,3.575512908852385911e-04,4.000000000000000000e+00
1.069781154700125114e+01,3.575732085174789182e-04,3.000000000000000000e+00
1.071860392001812912e+01,3.575951681606833973e-04,2.000000000000000000e+00
1.073939629303500709e+01,3.576171698071128847e-04,3.000000000000000000e+00
1.076018866605188506e+01,3.576392134490153350e-04,1.000000000000000000e+00
1.078098103906876482e+01,3.576612990786258548e-04,2.000000000000000000e+00
1.080177341208564279e+01,3.576834266881667029e-04,5.000000000000000000e+00
1.082256578510252076e+01,3.577055962698472906e-04,3.000000000000000000e+00
1.084335815811939874e+01,3.577278078158641268e-04,7.000000000000000000e+00
1.086415053113627671e+01,3.577500613184009270e-04,1.000000000000000000e+00
1.088494290415315646e+01,3.577723567696286674e-04,3.000000000000000000e+00
1.090573527717003444e+01,3.577946941617053136e-04,5.000000000000000000e+00
1.092652765018691241e+01,3.578170734867762003e-04,2.000000000000000000e+00
1.094732002320379038e+01,3.578394947369738146e-04,6.000000000000000000e+00
1.096811239622066836e+01,3.578619579044180123e-04,3.000000000000000000e+00
1.098890476923754811e+01,3.578844629812156933e-04,4.000000000000000000e+00
1.100969714225442608e+01,3.579070099594611263e-04,2.000000000000000000e+00
1.103048951527130406e+01,3.579295988312358951e-04,0.000000000000000000e+00
1.105128188828818203e+01,3.579522295886088438e-04,3.000000000000000000e+00
1.107207426130506178e+01,3.579749022236359689e-04,2.000000000000000000e+00
1.109286663432193976e+01,3.579976167283607986e-04,5.000000000000000000e+00
1.111365900733881773e+01,3.580203730948141217e-04,2.000000000000000000e+00
1.113445138035569570e+01,3.580431713150139875e-04,4.000000000000000000e+00
1.115524375337257368e+01,3.580660113809658687e-04,5.000000000000000000e+00
1.117603612638945343e+01,3.580888932846626070e-04,3.000000000000000000e+00
1.119682849940633140e+01,3.581118170180844131e-04,2.000000000000000000e+00
1.121762087242320938e+01,3.581347825731989211e-04,3.000000000000000000e+00
1.123841324544008735e+01,3.581577899419610797e-04,2.000000000000000000e+00
1.125920561845696533e+01,3.581808391163133153e-04,2.000000000000000000e+00
1.127999799147384508e+01,3.582039300881855858e-04,5.000000000000000000e+00
1.130079036449072305e+01,3.582270628494951098e-04,6.000000000000000000e+00
1.132158273750760102e+01,3.582502373921467461e-04,5.000000000000000000e+00
1.134237511052447900e+01,3.582734537080326681e-04,2.000000000000000000e+00
1.136316748354135697e+01,3.582967117890326894e-04,3.000000000000000000e+00
1.138395985655823672e+01,3.583200116270139927e-04,3.000000000000000000e+00
1.140475222957511470e+01,3.583433532138314550e-04,3.000000000000000000e+00
1.142554460259199267e+01,3.583667365413272139e-04,3.000000000000000000e+00
1.144633697560887065e+01,3.583901616013311013e-04,7.000000000000000000e+00
1.146712934862575040e+01,3.584136283856606976e-04,8.000000000000000000e+00
1.148792172164262837e+01,3.584371368861207895e-04,6.000000000000000000e+00
1.150871409465950634e+01,3.584606870945039126e-04,4.000000000000000000e+00
1.152950646767638432e+01,3.584842790025902963e-04,0.000000000000000000e+00
1.155029884069326229e+01,3.585079126021476479e-04,5.000000000000000000e+00
1.157109121371014204e+01,3.585315878849313687e-04,1.000000000000000000e+00
1.159188358672702002e+01,3.585553048426844461e-04,5.000000000000000000e+00
1.161267595974389799e+01,3.585790634671375075e-04,3.000000000000000000e+00
1.163346833276077597e+01,3.586028637500089829e-04,1.000000000000000000e+00
1.165426070577765394e+01,3.586267056830047800e-04,5.000000000000000000e+00
1.167505307879453369e+01,3.586505892578186632e-04,1.000000000000000000e+00
1.169584545181141166e+01,3.586745144661319831e-04,1.000000000000000000e+00
1.171663782482828964e+01,3.586984812996139469e-04,0.000000000000000000e+00
1.173743019784516761e+01,3.587224897499214022e-04,3.000000000000000000e+00
1.175822257086204559e+01,3.587465398086988905e-04,3.000000000000000000e+00
1.177901494387892534e+01,3.587706314675788649e-04,4.000000000000000000e+00
1.179980731689580331e+01,3.587947647181814726e-04,4.000000000000000000e+00
1.182059968991268128e+01,3.588189395521145550e-04,4.000000000000000000e+00
1.184139206292955926e+01,3.588431559609739732e-04,1.000000000000000000e+00
1.186218443594643901e+01,3.588674139363432283e-04,4.000000000000000000e+00
1.188297680896331698e+01,3.588917134697937328e-04,4.000000000000000000e+00
1.190376918198019496e+01,3.589160545528847016e-04,2.000000000000000000e+00
1.192456155499707293e+01,3.589404371771632066e-04,5.000000000000000000e+00
1.194535392801395091e+01,3.589648613341642853e-04,4.000000000000000000e+00
1.196614630103083066e+01,3.589893270154107777e-04,3.000000000000000000e+00
1.198693867404770863e+01,3.590138342124133807e-04,4.000000000000000000e+00
1.200773104706458660e+01,3.590383829166707568e-04,6.000000000000000000e+00
1.202852342008146458e+01,3.590629731196695877e-04,1.000000000000000000e+00
1.204931579309834255e+01,3.590876048128843583e-04,2.000000000000000000e+00
1.207010816611522230e+01,3.591122779877775725e-04,4.000000000000000000e+00
1.209090053913210028e+01,3.591369926357996459e-04,5.000000000000000000e+00
1.211169291214897825e+01,3.591617487483891218e-04,2.000000000000000000e+00
1.213248528516585623e+01,3.591865463169723461e-04,5.000000000000000000e+00
1.215327765818273598e+01,3.592113853329639015e-04,5.000000000000000000e+00
1.217407003119961395e+01,3.592362657877661730e-04,3.000000000000000000e+00
1.219486240421649192e+01,3.592611876727697280e-04,4.000000000000000000e+00
1.221565477723336990e+01,3.592861509793531536e-04,2.000000000000000000e+00
1.223644715025024787e+01,3.593111556988830562e-04,3.000000000000000000e+00
1.225723952326712762e+01,3.593362018227142787e-04,5.000000000000000000e+00
1.227803189628400560e+01,3.593612893421895211e-04,2.000000000000000000e+00
1.229882426930088357e+01,3.593864182486397737e-04,3.000000000000000000e+00
1.231961664231776155e+01,3.594115885333841009e-04,5.000000000000000000e+00
1.234040901533463952e+01,3.594368001877297492e-04,2.000000000000000000e+00
1.236120138835151927e+01,3.594620532029719844e-04,3.000000000000000000e+00
1.238199376136839724e+01,3.594873475703944175e-04,4.000000000000000000e+00
1.240278613438527522e+01,3.595126832812687873e-04,5.000000000000000000e+00
1.242357850740215319e+01,3.595380603268548522e-04,3.000000000000000000e+00
1.244437088041903117e+01,3.595634786984008781e-04,2.000000000000000000e+00
1.246516325343591092e+01,3.595889383871430961e-04,2.000000000000000000e+00
1.248595562645278889e+01,3.596144393843061365e-04,5.000000000000000000e+00
1.250674799946966687e+01,3.596399816811028118e-04,5.000000000000000000e+00
1.252754037248654484e+01,3.596655652687342792e-04,2.000000000000000000e+00
1.254833274550342459e+01,3.596911901383897697e-04,3.000000000000000000e+00
1.256912511852030256e+01,3.597168562812471304e-04,5.000000000000000000e+00
1.258991749153718054e+01,3.597425636884722276e-04,5.000000000000000000e+00
1.261070986455405851e+01,3.597683123512193811e-04,2.000000000000000000e+00
1.263150223757093649e+01,3.597941022606313097e-04,5.000000000000000000e+00
1.265229461058781624e+01,3.598199334078389685e-04,4.000000000000000000e+00
1.267308698360469421e+01,3.598458057839617119e-04,4.000000000000000000e+00
1.269387935662157219e+01,3.598717193801072387e-04,2.000000000000000000e+00
1.271467172963845016e+01,3.598976741873718098e-04,2.000000000000000000e+00
1.273546410265532813e+01,3.599236701968399222e-04,5.000000000000000000e+00
1.275625647567220788e+01,3.599497073995845263e-04,4.000000000000000000e+00
1.277704884868908586e+01,3.599757857866670799e-04,0.000000000000000000e+00
1.279784122170596383e+01,3.600019053491374400e-04,2.000000000000000000e+00
1.281863359472284181e+01,3.600280660780339707e-04,3.000000000000000000e+00
1.283942596773971978e+01,3.600542679643834354e-04,3.000000000000000000e+00
1.286021834075659953e+01,3.600805109992012134e-04,4.000000000000000000e+00
1.288101071377347751e+01,3.601067951734910830e-04,3.000000000000000000e+00
1.290180308679035548e+01,3.601331204782454382e-04,4.000000000000000000e+00
1.292259545980723345e+01,3.601594869044451807e-04,4.000000000000000000e+00
1.294338783282411320e+01,3.601858944430597195e-04,1.000000000000000000e+00
1.296418020584099118e+01,3.602123430850470796e-04,4.000000000000000000e+00
1.298497257885786915e+01,3.602388328213539559e-04,5.000000000000000000e+00
1.300576495187474713e+01,3.602653636429153884e-04,0.000000000000000000e+00
1.302655732489162510e+01,3.602919355406553580e-04,1.000000000000000000e+00
1.304734969790850485e+01,3.603185485054861362e-04,3.000000000000000000e+00
1.306814207092538282e+01,3.603452025283089360e-04,6.000000000000000000e+00
1.308893444394226080e+01,3.603718976000134773e-04,3.000000000000000000e+00
1.310972681695913877e+01,3.603986337114780964e-04,2.000000000000000000e+00
1.313051918997601675e+01,3.604254108535699620e-04,3.000000000000000000e+00
1.315131156299289650e+01,3.604522290171448587e-04,2.000000000000000000e+00
1.317210393600977447e+01,3.604790881930472956e-04,4.000000000000000000e+00
1.319289630902665245e+01,3.605059883721105059e-04,3.000000000000000000e+00
1.321368868204353042e+01,3.605329295451564471e-04,1.000000000000000000e+00
1.323448105506040839e+01,3.605599117029959096e-04,3.000000000000000000e+00
1.325527342807728814e+01,3.605869348364283537e-04,3.000000000000000000e+00
1.327606580109416612e+01,3.606139989362421266e-04,4.000000000000000000e+00
1.329685817411104409e+01,3.606411039932143001e-04,1.000000000000000000e+00
1.331765054712792207e+01,3.606682499981108867e-04,3.000000000000000000e+00
1.333844292014480182e+01,3.606954369416865151e-04,2.000000000000000000e+00
1.335923529316167979e+01,3.607226648146848636e-04,2.000000000000000000e+00
1.338002766617855777e+01,3.607499336078383344e-04,2.000000000000000000e+00
1.340082003919543574e+01,3.607772433118683797e-04,5.000000000000000000e+00
1.342161241221231371e+01,3.608045939174851216e-04,5.000000000000000000e+00
1.344240478522919346e+01,3.608319854153877316e-04,1.000000000000000000e+00
1.346319715824607144e+01,3.608594177962642685e-04,3.000000000000000000e+00
1.348398953126294941e+01,3.608868910507917319e-04,4.000000000000000000e+00
1.350478190427982739e+01,3.609144051696360086e-04,5.000000000000000000e+00
1.352557427729670536e+01,3.609419601434520888e-04,3.000000000000000000e+00
1.354636665031358511e+01,3.609695559628837958e-04,1.000000000000000000e+00
1.356715902333046309e+01,3.609971926185640023e-04,4.000000000000000000e+00
1.358795139634734106e+01,3.610248701011146847e-04,4.000000000000000000e+00
1.360874376936421903e+01,3.610525884011465980e-04,3.000000000000000000e+00
1.362953614238109701e+01,3.610803475092598178e-04,7.000000000000000000e+00
1.365032851539797676e+01,3.611081474160433066e-04,4.000000000000000000e+00
1.367112088841485473e+01,3.611359881120751849e-04,2.000000000000000000e+00
1.369191326143173271e+01,3.611638695879225143e-04,1.000000000000000000e+00
1.371270563444861068e+01,3.611917918341415686e-04,3.000000000000000000e+00
1.373349800746549043e+01,3.612197548412777797e-04,3.000000000000000000e+00
1.375429038048236841e+01,3.612477585998655747e-04,6.000000000000000000e+00
1.377508275349924638e+01,3.612758031004286471e-04,1.000000000000000000e+00
1.379587512651612435e+01,3.613038883334796858e-04,4.000000000000000000e+00
1.381666749953300233e+01,3.613320142895207546e-04,5.000000000000000000e+00
1.383745987254988208e+01,3.613601809590429666e-04,2.000000000000000000e+00
1.385825224556676005e+01,3.613883883325267016e-04,1.000000000000000000e+01
1.387904461858363803e+01,3.614166364004414971e-04,4.000000000000000000e+00
1.389983699160051600e+01,3.614449251532461573e-04,7.000000000000000000e+00
1.392062936461739397e+01,3.614732545813887526e-04,4.000000000000000000e+00
1.394142173763427373e+01,3.615016246753066198e-04,6.000000000000000000e+00
1.396221411065115170e+01,3.615300354254262537e-04,3.000000000000000000e+00
1.398300648366802967e+01,3.615584868221636324e-04,1.000000000000000000e+00
1.400379885668490765e+01,3.615869788559238377e-04,6.000000000000000000e+00
1.402459122970178562e+01,3.616155115171015432e-04,3.000000000000000000e+00
1.404538360271866537e+01,3.616440847960804717e-04,3.000000000000000000e+00
1.406617597573554335e+01,3.616726986832338297e-04,1.000000000000000000e+00
1.408696834875242132e+01,3.617013531689242524e-04,8.000000000000000000e+00
1.410776072176929929e+01,3.617300482435035873e-04,3.000000000000000000e+00
1.412855309478617905e+01,3.617587838973132736e-04,1.000000000000000000e+00
1.414934546780305702e+01,3.617875601206840168e-04,3.000000000000000000e+00
1.417013784081993499e+01,3.618163769039359516e-04,1.000000000000000000e+00
1.419093021383681297e+01,3.618452342373788583e-04,4.000000000000000000e+00
1.421172258685369094e+01,3.618741321113116754e-04,3.000000000000000000e+00
1.423251495987057069e+01,3.619030705160229872e-04,3.000000000000000000e+00
1.425330733288744867e+01,3.619320494417908613e-04,4.000000000000000000e+00
1.427409970590432664e+01,3.619610688788827942e-04,4.000000000000000000e+00
1.429489207892120461e+01,3.619901288175559283e-04,2.000000000000000000e+00
1.431568445193808259e+01,3.620192292480567810e-04,5.000000000000000000e+00
1.433647682495496234e+01,3.620483701606215694e-04,2.000000000000000000e+00
1.435726919797184031e+01,3.620775515454759401e-04,4.000000000000000000e+00
1.437806157098871829e+01,3.621067733928351852e-04,6.000000000000000000e+00
1.439885394400559626e+01,3.621360356929041887e-04,3.000000000000000000e+00
1.441964631702247424e+01,3.621653384358774260e-04,2.000000000000000000e+00
1.444043869003935399e+01,3.621946816119390187e-04,5.000000000000000000e+00
1.446123106305623196e+01,3.622240652112627339e-04,4.000000000000000000e+00
1.448202343607310993e+01,3.622534892240119307e-04,2.000000000000000000e+00
1.450281580908998791e+01,3.622829536403396680e-04,2.000000000000000000e+00
1.452360818210686766e+01,3.623124584503887593e-04,7.000000000000000000e+00
1.454440055512374563e+01,3.623420036442916094e-04,2.000000000000000000e+00
1.456519292814062361e+01,3.623715892121703776e-04,5.000000000000000000e+00
1.458598530115750158e+01,3.624012151441369776e-04,6.000000000000000000e+00
1.460677767417437956e+01,3.624308814302930229e-04,3.000000000000000000e+00
1.462757004719125931e+01,3.624605880607299898e-04,1.000000000000000000e+00
1.464836242020813728e+01,3.624903350255289465e-04,3.000000000000000000e+00
1.466915479322501525e+01,3.625201223147609319e-04,4.000000000000000000e+00
1.468994716624189323e+01,3.625499499184867396e-04,4.000000000000000000e+00
1.471073953925877120e+01,3.625798178267568631e-04,3.000000000000000000e+00
1.473153191227565095e+01,3.626097260296118211e-04,2.000000000000000000e+00
1.475232428529252893e+01,3.626396745170818868e-04,6.000000000000000000e+00
1.477311665830940690e+01,3.626696632791871961e-04,2.000000000000000000e+00
1.479390903132628488e+01,3.626996923059377475e-04,2.000000000000000000e+00
1.481470140434316285e+01,3.627297615873334566e-04,3.000000000000000000e+00
1.483549377736004260e+01,3.627598711133642640e-04,5.000000000000000000e+00
1.485628615037692057e+01,3.627900208740098107e-04,1.000000000000000000e+00
1.487707852339379855e+01,3.628202108592398713e-04,2.000000000000000000e+00
1.489787089641067652e+01,3.628504410590140832e-04,3.000000000000000000e+00
1.491866326942755627e+01,3.628807114632821634e-04,1.000000000000000000e+00
1.493945564244443425e+01,3.629110220619836372e-04,1.000000000000000000e+00
1.496024801546131222e+01,3.629413728450482180e-04,5.000000000000000000e+00
1.498104038847819020e+01,3.629717638023955361e-04,1.000000000000000000e+00
1.500183276149506817e+01,3.630021949239353013e-04,3.000000000000000000e+00
1.502262513451194792e+01,3.630326661995671948e-04,2.000000000000000000e+00
1.504341750752882589e+01,3.630631776191810310e-04,3.000000000000000000e+00
1.506420988054570387e+01,3.630937291726567587e-04,8.000000000000000000e+00
1.508500225356258184e+01,3.631243208498643516e-04,0.000000000000000000e+00
1.510579462657945982e+01,3.631549526406638632e-04,4.000000000000000000e+00
1.512658699959633957e+01,3.631856245349055347e-04,2.000000000000000000e+00
1.514737937261321754e+01,3.632163365224296871e-04,3.000000000000000000e+00
1.516817174563009551e+01,3.632470885930669919e-04,2.000000000000000000e+00
1.518896411864697349e+01,3.632778807366379291e-04,2.000000000000000000e+00
1.520975649166385324e+01,3.633087129429535462e-04,2.000000000000000000e+00
1.523054886468073121e+01,3.633395852018148618e-04,3.000000000000000000e+00
1.525134123769760919e+01,3.633704975030131908e-04,1.000000000000000000e+00
1.527213361071448716e+01,3.634014498363300903e-04,5.000000000000000000e+00
1.529292598373136514e+01,3.634324421915373056e-04,1.000000000000000000e+00
1.531371835674824489e+01,3.634634745583969866e-04,2.000000000000000000e+00
1.533451072976512286e+01,3.634945469266613626e-04,1.000000000000000000e+00
1.535530310278200083e+01,3.635256592860731766e-04,2.000000000000000000e+00
1.537609547579887881e+01,3.635568116263653048e-04,2.000000000000000000e+00
1.539688784881575678e+01,3.635880039372610829e-04,2.000000000000000000e+00
1.541768022183263653e+01,3.636192362084740342e-04,3.000000000000000000e+00
1.543847259484951451e+01,3.636505084297081956e-04,3.000000000000000000e+00
1.545926496786639248e+01,3.636818205906579542e-04,3.000000000000000000e+00
1.548005734088327046e+01,3.637131726810079397e-04,5.000000000000000000e+00
1.550084971390014843e+01,3.637445646904334572e-04,3.000000000000000000e+00
1.552164208691702818e+01,3.637759966085998917e-04,4.000000000000000000e+00
1.554243445993390615e+01,3.638074684251633583e-04,3.000000000000000000e+00
1.556322683295078413e+01,3.638389801297702139e-04,0.000000000000000000e+00
1.558401920596766210e+01,3.638705317120574916e-04,3.000000000000000000e+00
1.560481157898454185e+01,3.639021231616525209e-04,3.000000000000000000e+00
1.562560395200141983e+01,3.639337544681731985e-04,2.000000000000000000e+00
1.564639632501829780e+01,3.639654256212279887e-04,0.000000000000000000e+00
1.566718869803517578e+01,3.639971366104157607e-04,2.000000000000000000e+00
1.568798107105205375e+01,3.640288874253259509e-04,3.000000000000000000e+00
1.570877344406893350e+01,3.640606780555387259e-04,1.000000000000000000e+00
1.572956581708581147e+01,3.640925084906246573e-04,0.000000000000000000e+00
1.575035819010268945e+01,3.641243787201449379e-04,4.000000000000000000e+00
1.577115056311956742e+01,3.641562887336513283e-04,1.000000000000000000e+00
1.579194293613644540e+01,3.641882385206863734e-04,5.000000000000000000e+00
1.581273530915332515e+01,3.642202280707830227e-04,6.000000000000000000e+00
1.583352768217020312e+01,3.642522573734651185e-04,4.000000000000000000e+00
1.585432005518708110e+01,3.642843264182469621e-04,4.000000000000000000e+00
1.587511242820395907e+01,3.643164351946336392e-04,1.000000000000000000e+00
1.589590480122083704e+01,3.643485836921210195e-04,3.000000000000000000e+00
1.591669717423771679e+01,3.643807719001954321e-04,2.000000000000000000e+00
1.593748954725459477e+01,3.644129998083342611e-04,0.000000000000000000e+00
1.595828192027147274e+01,3.644452674060053498e-04,6.000000000000000000e+00
1.597907429328835072e+01,3.644775746826674884e-04,5.000000000000000000e+00
1.599986666630523047e+01,3.645099216277701971e-04,3.000000000000000000e+00
1.602065903932210844e+01,3.645423082307536720e-04,2.000000000000000000e+00
1.604145141233898642e+01,3.645747344810491104e-04,2.000000000000000000e+00
1.606224378535586439e+01,3.646072003680784395e-04,3.000000000000000000e+00
1.608303615837274236e+01,3.646397058812543709e-04,4.000000000000000000e+00
1.610382853138962034e+01,3.646722510099805630e-04,6.000000000000000000e+00
1.612462090440649831e+01,3.647048357436515130e-04,5.000000000000000000e+00
1.614541327742337629e+01,3.647374600716526104e-04,6.000000000000000000e+00
1.616620565044025426e+01,3.647701239833601376e-04,3.000000000000000000e+00
1.618699802345713223e+01,3.648028274681412155e-04,1.000000000000000000e+00
1.620779039647401021e+01,3.648355705153540746e-04,2.000000000000000000e+00
1.622858276949088818e+01,3.648683531143477295e-04,0.000000000000000000e+00
1.624937514250776971e+01,3.649011752544622502e-04,1.000000000000000000e+00
1.627016751552464768e+01,3.649340369250287080e-04,3.000000000000000000e+00
1.629095988854152566e+01,3.649669381153690124e-04,3.000000000000000000e+00
1.631175226155840363e+01,3.649998788147962910e-04,3.000000000000000000e+00
1.633254463457528161e+01,3.650328590126145642e-04,2.000000000000000000e+00
1.635333700759215958e+01,3.650658786981189076e-04,4.000000000000000000e+00
1.637412938060903755e+01,3.650989378605955064e-04,2.000000000000000000e+00
1.639492175362591553e+01,3.651320364893215469e-04,3.000000000000000000e+00
1.641571412664279350e+01,3.651651745735654876e-04,4.000000000000000000e+00
1.643650649965967148e+01,3.651983521025865711e-04,6.000000000000000000e+00
1.645729887267655300e+01,3.652315690656354210e-04,2.000000000000000000e+00
1.647809124569343098e+01,3.652648254519537158e-04,2.000000000000000000e+00
1.649888361871030895e+01,3.652981212507742980e-04,5.000000000000000000e+00
1.651967599172718693e+01,3.653314564513211737e-04,1.000000000000000000e+00
1.654046836474406490e+01,3.653648310428095130e-04,3.000000000000000000e+00
1.656126073776094287e+01,3.653982450144456495e-04,4.000000000000000000e+00
1.658205311077782085e+01,3.654316983554272433e-04,2.000000000000000000e+00
1.660284548379469882e+01,3.654651910549430640e-04,1.000000000000000000e+00
1.662363785681157680e+01,3.654987231021732076e-04,1.000000000000000000e+00
1.664443022982845832e+01,3.655322944862890422e-04,2.000000000000000000e+00
1.666522260284533630e+01,3.655659051964531541e-04,3.000000000000000000e+00
1.668601497586221427e+01,3.655995552218194015e-04,2.000000000000000000e+00
1.670680734887909225e+01,3.656332445515330233e-04,3.000000000000000000e+00
1.672759972189597022e+01,3.656669731747305306e-04,5.000000000000000000e+00
1.674839209491284819e+01,3.657007410805398692e-04,2.000000000000000000e+00
1.676918446792972617e+01,3.657345482580801489e-04,3.000000000000000000e+00
1.678997684094660414e+01,3.657683946964620765e-04,4.000000000000000000e+00
1.681076921396348212e+01,3.658022803847875773e-04,1.000000000000000000e+00
1.683156158698036009e+01,3.658362053121500652e-04,1.000000000000000000e+00
1.685235395999724162e+01,3.658701694676342805e-04,4.000000000000000000e+00
1.687314633301411959e+01,3.659041728403165613e-04,8.000000000000000000e+00
1.689393870603099757e+01,3.659382154192645175e-04,5.000000000000000000e+00
1.691473107904787554e+01,3.659722971935373565e-04,3.000000000000000000e+00
1.693552345206475351e+01,3.660064181521856664e-04,1.000000000000000000e+00
1.695631582508163149e+01,3.660405782842515786e-04,1.000000000000000000e+00
1.697710819809850946e+01,3.660747775787687674e-04,2.000000000000000000e+00
1.699790057111538744e+01,3.661090160247623421e-04,5.000000000000000000e+00
1.701869294413226541e+01,3.661432936112491180e-04,1.000000000000000000e+00
1.703948531714914694e+01,3.661776103272372908e-04,2.000000000000000000e+00
1.706027769016602491e+01,3.662119661617266536e-04,3.000000000000000000e+00
1.708107006318290289e+01,3.662463611037087598e-04,2.000000000000000000e+00
1.710186243619978086e+01,3.662807951421666514e-04,3.000000000000000000e+00
1.712265480921665883e+01,3.663152682660748599e-04,5.000000000000000000e+00
1.714344718223353681e+01,3.663497804643998392e-04,4.000000000000000000e+00
1.716423955525041478e+01,3.663843317260994238e-04,3.000000000000000000e+00
1.718503192826729276e+01,3.664189220401233168e-04,4.000000000000000000e+00
1.720582430128417073e+01,3.664535513954127644e-04,6.000000000000000000e+00
1.722661667430104870e+01,3.664882197809008813e-04,0.000000000000000000e+00
1.724740904731793023e+01,3.665229271855123257e-04,4.000000000000000000e+00
1.726820142033480820e+01,3.665576735981635153e-04,0.000000000000000000e+00
1.728899379335168618e+01,3.665924590077626827e-04,1.000000000000000000e+00
1.730978616636856415e+01,3.666272834032098201e-04,2.000000000000000000e+00
1.733057853938544213e+01,3.666621467733967342e-04,5.000000000000000000e+00
1.735137091240232010e+01,3.666970491072068291e-04,5.000000000000000000e+00
1.737216328541919808e+01,3.667319903935155399e-04,2.000000000000000000e+00
1.739295565843607605e+01,3.667669706211900077e-04,2.000000000000000000e+00
1.741374803145295402e+01,3.668019897790892963e-04,2.000000000000000000e+00
1.743454040446983555e+01,3.668370478560642836e-04,2.000000000000000000e+00
1.745533277748671352e+01,3.668721448409576619e-04,4.000000000000000000e+00
1.747612515050359150e+01,3.669072807226041004e-04,4.000000000000000000e+00
1.749691752352046947e+01,3.669424554898301910e-04,4.000000000000000000e+00
1.751770989653734745e+01,3.669776691314543399e-04,1.000000000000000000e+00
1.753850226955422542e+01,3.670129216362869842e-04,4.000000000000000000e+00
1.755929464257110340e+01,3.670482129931304299e-04,7.000000000000000000e+00
1.758008701558798137e+01,3.670835431907790679e-04,3.000000000000000000e+00
1.760087938860485934e+01,3.671189122180191578e-04,3.000000000000000000e+00
1.762167176162173732e+01,3.671543200636289903e-04,3.000000000000000000e+00
1.764246413463861884e+01,3.671897667163788871e-04,5.000000000000000000e+00
1.766325650765549682e+01,3.672252521650312554e-04,3.000000000000000000e+00
1.768404888067237479e+01,3.672607763983403708e-04,5.000000000000000000e+00
1.770484125368925277e+01,3.672963394050528111e-04,2.000000000000000000e+00
1.772563362670613074e+01,3.673319411739070766e-04,5.000000000000000000e+00
1.774642599972300872e+01,3.673675816936337532e-04,2.000000000000000000e+00
1.776721837273988669e+01,3.674032609529556204e-04,5.000000000000000000e+00
1.778801074575676466e+01,3.674389789405874888e-04,2.000000000000000000e+00
1.780880311877364264e+01,3.674747356452364171e-04,2.000000000000000000e+00
1.782959549179052416e+01,3.675105310556014949e-04,3.000000000000000000e+00
1.785038786480740214e+01,3.675463651603741140e-04,4.000000000000000000e+00
1.787118023782428011e+01,3.675822379482377518e-04,4.000000000000000000e+00
1.789197261084115809e+01,3.676181494078681333e-04,2.000000000000000000e+00
1.791276498385803606e+01,3.676540995279332317e-04,3.000000000000000000e+00
1.793355735687491403e+01,3.676900882970932137e-04,4.000000000000000000e+00
1.795434972989179201e+01,3.677261157040004401e-04,1.000000000000000000e+00
1.797514210290866998e+01,3.677621817372996819e-04,3.000000000000000000e+00
1.799593447592554796e+01,3.677982863856279041e-04,7.000000000000000000e+00
1.801672684894242593e+01,3.678344296376143195e-04,3.000000000000000000e+00
1.803751922195930746e+01,3.678706114818804974e-04,4.000000000000000000e+00
1.805831159497618543e+01,3.679068319070404177e-04,5.000000000000000000e+00
1.807910396799306341e+01,3.679430909017003082e-04,2.000000000000000000e+00
1.809989634100994138e+01,3.679793884544588071e-04,4.000000000000000000e+00
1.812068871402681935e+01,3.680157245539069093e-04,3.000000000000000000e+00
1.814148108704369733e+01,3.680520991886279117e-04,4.000000000000000000e+00
1.816227346006057530e+01,3.680885123471977385e-04,4.000000000000000000e+00
1.818306583307745328e+01,3.681249640181845080e-04,2.000000000000000000e+00
1.820385820609433125e+01,3.681614541901489113e-04,6.000000000000000000e+00
1.822465057911121278e+01,3.681979828516441047e-04,5.000000000000000000e+00
1.824544295212809075e+01,3.682345499912155463e-04,4.000000000000000000e+00
1.826623532514496873e+01,3.682711555974014302e-04,6.000000000000000000e+00
1.828702769816184670e+01,3.683077996587322527e-04,2.000000000000000000e+00
1.830782007117872467e+01,3.683444821637310834e-04,3.000000000000000000e+00
1.832861244419560265e+01,3.683812031009136190e-04,6.000000000000000000e+00
1.834940481721248062e+01,3.684179624587879671e-04,3.000000000000000000e+00
1.837019719022935860e+01,3.684547602258549169e-04,3.000000000000000000e+00
1.839098956324623657e+01,3.684915963906077222e-04,4.000000000000000000e+00
1.841178193626311455e+01,3.685284709415323186e-04,4.000000000000000000e+00
1.843257430927999607e+01,3.685653838671071607e-04,1.000000000000000000e+00
1.845336668229687405e+01,3.686023351558034931e-04,1.000000000000000000e+00
1.847415905531375202e+01,3.686393247960850794e-04,2.000000000000000000e+00
1.849495142833062999e+01,3.686763527764083648e-04,2.000000000000000000e+00
1.851574380134750797e+01,3.687134190852224221e-04,3.000000000000000000e+00
1.853653617436438594e+01,3.687505237109691683e-04,1.000000000000000000e+00
1.855732854738126392e+01,3.687876666420830392e-04,5.000000000000000000e+00
1.857812092039814189e+01,3.688248478669913150e-04,5.000000000000000000e+00
1.859891329341501987e+01,3.688620673741139036e-04,1.000000000000000000e+00
1.861970566643190139e+01,3.688993251518636650e-04,3.000000000000000000e+00
1.864049803944877937e+01,3.689366211886459788e-04,3.000000000000000000e+00
1.866129041246565734e+01,3.689739554728592311e-04,6.000000000000000000e+00
1.868208278548253531e+01,3.690113279928944356e-04,2.000000000000000000e+00
1.870287515849941329e+01,3.690487387371355044e-04,5.000000000000000000e+00
1.872366753151629126e+01,3.690861876939591397e-04,5.000000000000000000e+00
1.874445990453316924e+01,3.691236748517349965e-04,3.000000000000000000e+00
1.876525227755004721e+01,3.691612001988255195e-04,2.000000000000000000e+00
1.878604465056692518e+01,3.691987637235858897e-04,2.000000000000000000e+00
1.880683702358380316e+01,3.692363654143644572e-04,4.000000000000000000e+00
1.882762939660068469e+01,3.692740052595023083e-04,2.000000000000000000e+00
1.884842176961756266e+01,3.693116832473335360e-04,5.000000000000000000e+00
1.886921414263444063e+01,3.693493993661849692e-04,4.000000000000000000e+00
1.889000651565131861e+01,3.693871536043767147e-04,2.000000000000000000e+00
1.891079888866819658e+01,3.694249459502216694e-04,3.000000000000000000e+00
1.893159126168507456e+01,3.694627763920256287e-04,2.000000000000000000e+00
1.895238363470195253e+01,3.695006449180876116e-04,1.000000000000000000e+00
1.897317600771883050e+01,3.695385515166995359e-04,5.000000000000000000e+00
1.899396838073570848e+01,3.695764961761463258e-04,7.000000000000000000e+00
1.901476075375259001e+01,3.696144788847059671e-04,2.000000000000000000e+00
1.903555312676946798e+01,3.696524996306496148e-04,3.000000000000000000e+00
1.905634549978634595e+01,3.696905584022413768e-04,2.000000000000000000e+00
1.907713787280322393e+01,3.697286551877385303e-04,1.000000000000000000e+00
1.909793024582010190e+01,3.697667899753914679e-04,0.000000000000000000e+00
1.911872261883697988e+01,3.698049627534435893e-04,3.000000000000000000e+00
1.913951499185385785e+01,3.698431735101316803e-04,1.000000000000000000e+00
1.916030736487073582e+01,3.698814222336854252e-04,4.000000000000000000e+00
1.918109973788761380e+01,3.699197089123278949e-04,3.000000000000000000e+00
1.920189211090449533e+01,3.699580335342751670e-04,2.000000000000000000e+00
1.922268448392137330e+01,3.699963960877367054e-04,4.000000000000000000e+00
1.924347685693825127e+01,3.700347965609150354e-04,1.000000000000000000e+00
1.926426922995512925e+01,3.700732349420060682e-04,3.000000000000000000e+00
1.928506160297200722e+01,3.701117112191988309e-04,1.000000000000000000e+00
1.930585397598888520e+01,3.701502253806756822e-04,5.000000000000000000e+00
1.932664634900576317e+01,3.701887774146123133e-04,1.000000000000000000e+00
1.934743872202264114e+01,3.702273673091775849e-04,2.000000000000000000e+00
1.936823109503951912e+01,3.702659950525338524e-04,0.000000000000000000e+00
1.938902346805639709e+01,3.703046606328366406e-04,0.000000000000000000e+00
1.940981584107327862e+01,3.703433640382349152e-04,1.000000000000000000e+00
1.943060821409015659e+01,3.703821052568709738e-04,6.000000000000000000e+00
1.945140058710703457e+01,3.704208842768805005e-04,4.000000000000000000e+00
1.947219296012391254e+01,3.704597010863925114e-04,4.000000000000000000e+00
1.949298533314079052e+01,3.704985556735295718e-04,6.000000000000000000e+00
1.951377770615766849e+01,3.705374480264075248e-04,5.000000000000000000e+00
1.953457007917454646e+01,3.705763781331357625e-04,4.000000000000000000e+00
1.955536245219142444e+01,3.706153459818170093e-04,3.000000000000000000e+00
1.957615482520830241e+01,3.706543515605477011e-04,4.000000000000000000e+00
1.959694719822518394e+01,3.706933948574173891e-04,3.000000000000000000e+00
1.961773957124206191e+01,3.707324758605094446e-04,4.000000000000000000e+00
1.963853194425893989e+01,3.707715945579006796e-04,4.000000000000000000e+00
1.965932431727581786e+01,3.708107509376613463e-04,1.000000000000000000e+00
1.968011669029269584e+01,3.708499449878553005e-04,3.000000000000000000e+00
1.970090906330957381e+01,3.708891766965400553e-04,3.000000000000000000e+00
1.972170143632645178e+01,3.709284460517665101e-04,4.000000000000000000e+00
1.974249380934332976e+01,3.709677530415793302e-04,0.000000000000000000e+00
1.976328618236020773e+01,3.710070976540167840e-04,1.000000000000000000e+00
1.978407855537708571e+01,3.710464798771105806e-04,4.000000000000000000e+00
1.980487092839396723e+01,3.710858996988863033e-04,0.000000000000000000e+00
1.982566330141084521e+01,3.711253571073630845e-04,6.000000000000000000e+00
1.984645567442772318e+01,3.711648520905537138e-04,2.000000000000000000e+00
1.986724804744460116e+01,3.712043846364646927e-04,2.000000000000000000e+00
1.988804042046147913e+01,3.712439547330962882e-04,5.000000000000000000e+00
1.990883279347835710e+01,3.712835623684423167e-04,5.000000000000000000e+00
1.992962516649523508e+01,3.713232075304905770e-04,2.000000000000000000e+00
1.995041753951211305e+01,3.713628902072223627e-04,1.000000000000000000e+00
1.997120991252899103e+01,3.714026103866129502e-04,5.000000000000000000e+00
1.999200228554587255e+01,3.714423680566312732e-04,3.000000000000000000e+00
2.001279465856275053e+01,3.714821632052400313e-04,6.000000000000000000e+00
2.003358703157962850e+01,3.715219958203959069e-04,6.000000000000000000e+00
2.005437940459650648e+01,3.715618658900491852e-04,6.000000000000000000e+00
2.007517177761338445e+01,3.716017734021441889e-04,2.000000000000000000e+00
2.009596415063026242e+01,3.716417183446189517e-04,1.000000000000000000e+00
2.011675652364714040e+01,3.716817007054055446e-04,9.000000000000000000e+00
2.013754889666401837e+01,3.717217204724297501e-04,4.000000000000000000e+00
2.015834126968089635e+01,3.717617776336113876e-04,4.000000000000000000e+00
2.017913364269777432e+01,3.718018721768641508e-04,5.000000000000000000e+00
2.019992601571465585e+01,3.718420040900956617e-04,2.000000000000000000e+00
2.022071838873153382e+01,3.718821733612075252e-04,4.000000000000000000e+00
2.024151076174841180e+01,3.719223799780952203e-04,3.000000000000000000e+00
2.026230313476528977e+01,3.719626239286483171e-04,7.000000000000000000e+00
2.028309550778216774e+01,3.720029052007503686e-04,0.000000000000000000e+00
2.030388788079904572e+01,3.720432237822789102e-04,3.000000000000000000e+00
2.032468025381592369e+01,3.720835796611054601e-04,3.000000000000000000e+00
2.034547262683280167e+01,3.721239728250956818e-04,1.000000000000000000e+00
2.036626499984967964e+01,3.721644032621092757e-04,7.000000000000000000e+00
2.038705737286656117e+01,3.722048709599998706e-04,1.000000000000000000e+00
2.040784974588343914e+01,3.722453759066154575e-04,2.000000000000000000e+00
2.042864211890031712e+01,3.722859180897979017e-04,1.000000000000000000e+00
2.044943449191719509e+01,3.723264974973832680e-04,6.000000000000000000e+00
2.047022686493407306e+01,3.723671141172017664e-04,2.000000000000000000e+00
2.049101923795095104e+01,3.724077679370777524e-04,3.000000000000000000e+00
2.051181161096782901e+01,3.724484589448297809e-04,0.000000000000000000e+00
2.053260398398470699e+01,3.724891871282704978e-04,6.000000000000000000e+00
2.055339635700158496e+01,3.725299524752068029e-04,4.000000000000000000e+00
2.057418873001846293e+01,3.725707549734398496e-04,4.000000000000000000e+00
2.059498110303534446e+01,3.726115946107649369e-04,2.000000000000000000e+00
2.061577347605222243e+01,3.726524713749717254e-04,4.000000000000000000e+00
2.063656584906910041e+01,3.726933852538440216e-04,4.000000000000000000e+00
2.065735822208597838e+01,3.727343362351598311e-04,0.000000000000000000e+00
2.067815059510285636e+01,3.727753243066917388e-04,2.000000000000000000e+00
2.069894296811973433e+01,3.728163494562063661e-04,0.000000000000000000e+00
2.071973534113661231e+01,3.728574116714648053e-04,1.000000000000000000e+00
2.074052771415349028e+01,3.728985109402223482e-04,6.000000000000000000e+00
2.076132008717036825e+01,3.729396472502287570e-04,1.000000000000000000e+00
2.078211246018724978e+01,3.729808205892280477e-04,8.000000000000000000e+00
2.080290483320412775e+01,3.730220309449588153e-04,3.000000000000000000e+00
2.082369720622100573e+01,3.730632783051538543e-04,1.000000000000000000e+00
2.084448957923788370e+01,3.731045626575404841e-04,5.000000000000000000e+00
2.086528195225476168e+01,3.731458839898402777e-04,3.000000000000000000e+00
2.088607432527163965e+01,3.731872422897695497e-04,1.000000000000000000e+00
2.090686669828851763e+01,3.732286375450387600e-04,4.000000000000000000e+00
2.092765907130539560e+01,3.732700697433531103e-04,3.000000000000000000e+00
2.094845144432227357e+01,3.733115388724121101e-04,5.000000000000000000e+00
2.096924381733915155e+01,3.733530449199097393e-04,6.000000000000000000e+00
2.099003619035603307e+01,3.733945878735347198e-04,3.000000000000000000e+00
2.101082856337291105e+01,3.734361677209701354e-04,0.000000000000000000e+00
2.103162093638978902e+01,3.734777844498935948e-04,5.000000000000000000e+00
2.105241330940666700e+01,3.735194380479773938e-04,4.000000000000000000e+00
2.107320568242354497e+01,3.735611285028882993e-04,1.000000000000000000e+00
2.109399805544042295e+01,3.736028558022877651e-04,4.000000000000000000e+00
2.111479042845730092e+01,3.736446199338317700e-04,6.000000000000000000e+00
2.113558280147417889e+01,3.736864208851709804e-04,3.000000000000000000e+00
2.115637517449105687e+01,3.737282586439506413e-04,5.000000000000000000e+00
2.117716754750793839e+01,3.737701331978107396e-04,5.000000000000000000e+00
2.119795992052481637e+01,3.738120445343858411e-04,1.000000000000000000e+00
2.121875229354169434e+01,3.738539926413053075e-04,5.000000000000000000e+00
2.123954466655857232e+01,3.738959775061930250e-04,5.000000000000000000e+00
2.126033703957545029e+01,3.739379991166677845e-04,3.000000000000000000e+00
2.128112941259232826e+01,3.739800574603430097e-04,7.000000000000000000e+00
2.130192178560920624e+01,3.740221525248268119e-04,3.000000000000000000e+00
2.132271415862608421e+01,3.740642842977222608e-04,5.000000000000000000e+00
2.134350653164296219e+01,3.741064527666270053e-04,3.000000000000000000e+00
2.136429890465984016e+01,3.741486579191335982e-04,1.000000000000000000e+00
2.138509127767672169e+01,3.741908997428293341e-04,0.000000000000000000e+00
2.140588365069359966e+01,3.742331782252963576e-04,3.000000000000000000e+00
2.142667602371047764e+01,3.742754933541116635e-04,2.000000000000000000e+00
2.144746839672735561e+01,3.743178451168470964e-04,5.000000000000000000e+00
2.146826076974423358e+01,3.743602335010693511e-04,4.000000000000000000e+00
2.148905314276111156e+01,3.744026584943399181e-04,4.000000000000000000e+00
2.150984551577798953e+01,3.744451200842154092e-04,2.000000000000000000e+00
2.153063788879486751e+01,3.744876182582472317e-04,2.000000000000000000e+00
2.155143026181174548e+01,3.745301530039815349e-04,3.000000000000000000e+00
2.157222263482862701e+01,3.745727243089597516e-04,3.000000000000000000e+00
2.159301500784550498e+01,3.746153321607179477e-04,4.000000000000000000e+00
2.161380738086238296e+01,3.746579765467874189e-04,2.000000000000000000e+00
2.163459975387926093e+01,3.747006574546943108e-04,2.000000000000000000e+00
2.165539212689613890e+01,3.747433748719598357e-04,2.000000000000000000e+00
2.167618449991301688e+01,3.747861287861001104e-04,4.000000000000000000e+00
2.169697687292989485e+01,3.748289191846264270e-04,2.000000000000000000e+00
2.171776924594677283e+01,3.748717460550449816e-04,4.000000000000000000e+00
2.173856161896365080e+01,3.749146093848572544e-04,0.000000000000000000e+00
2.175935399198052878e+01,3.749575091615595752e-04,3.000000000000000000e+00
2.178014636499741030e+01,3.750004453726434495e-04,3.000000000000000000e+00
2.180093873801428828e+01,3.750434180055955036e-04,5.000000000000000000e+00
2.182173111103116625e+01,3.750864270478974851e-04,2.000000000000000000e+00
2.184252348404804422e+01,3.751294724870262083e-04,5.000000000000000000e+00
2.186331585706492220e+01,3.751725543104537171e-04,1.000000000000000000e+00
2.188410823008180017e+01,3.752156725056473392e-04,3.000000000000000000e+00
2.190490060309867815e+01,3.752588270600692522e-04,0.000000000000000000e+00
2.192569297611555612e+01,3.753020179611771343e-04,5.000000000000000000e+00
2.194648534913243410e+01,3.753452451964237307e-04,3.000000000000000000e+00
2.196727772214931562e+01,3.753885087532570701e-04,1.000000000000000000e+00
2.198807009516619360e+01,3.754318086191204109e-04,2.000000000000000000e+00
2.200886246818307157e+01,3.754751447814522951e-04,6.000000000000000000e+00
2.202965484119994954e+01,3.755185172276863858e-04,3.000000000000000000e+00
2.205044721421682752e+01,3.755619259452519011e-04,5.000000000000000000e+00
2.207123958723370549e+01,3.756053709215730172e-04,4.000000000000000000e+00
2.209203196025058347e+01,3.756488521440695737e-04,1.000000000000000000e+00
2.211282433326746144e+01,3.756923696001565854e-04,7.000000000000000000e+00
2.213361670628433941e+01,3.757359232772442968e-04,4.000000000000000000e+00
2.215440907930121739e+01,3.757795131627384528e-04,2.000000000000000000e+00
2.217520145231809892e+01,3.758231392440401905e-04,4.000000000000000000e+00
2.219599382533497689e+01,3.758668015085460390e-04,3.000000000000000000e+00
2.221678619835185486e+01,3.759104999436477571e-04,2.000000000000000000e+00
2.223757857136873284e+01,3.759542345367327125e-04,2.000000000000000000e+00
2.225837094438561081e+01,3.759980052751837193e-04,3.000000000000000000e+00
2.227916331740248879e+01,3.760418121463788210e-04,4.000000000000000000e+00
2.229995569041936676e+01,3.760856551376918328e-04,9.000000000000000000e+00
2.232074806343624473e+01,3.761295342364917452e-04,2.000000000000000000e+00
2.234154043645312271e+01,3.761734494301433203e-04,0.000000000000000000e+00
2.236233280947000424e+01,3.762174007060065497e-04,3.000000000000000000e+00
2.238312518248688221e+01,3.762613880514371965e-04,2.000000000000000000e+00
2.240391755550376018e+01,3.763054114537864162e-04,5.000000000000000000e+00
2.242470992852063816e+01,3.763494709004009731e-04,3.000000000000000000e+00
2.244550230153751613e+01,3.763935663786231864e-04,4.000000000000000000e+00
2.246629467455439411e+01,3.764376978757908755e-04,4.000000000000000000e+00
2.248708704757127208e+01,3.764818653792376319e-04,1.000000000000000000e+00
2.250787942058815005e+01,3.765260688762925474e-04,3.000000000000000000e+00
2.252867179360502803e+01,3.765703083542803228e-04,1.000000000000000000e+00
2.254946416662190600e+01,3.766145838005213221e-04,5.000000000000000000e+00
2.257025653963878753e+01,3.766588952023316268e-04,3.000000000000000000e+00
2.259104891265566550e+01,3.767032425470228187e-04,1.000000000000000000e+00
2.261184128567254348e+01,3.767476258219024142e-04,4.000000000000000000e+00
2.263263365868942145e+01,3.767920450142734300e-04,2.000000000000000000e+00
2.265342603170629943e+01,3.768365001114346003e-04,4.000000000000000000e+00
2.267421840472317740e+01,3.768809911006805935e-04,5.000000000000000000e+00
2.269501077774005537e+01,3.769255179693015785e-04,2.000000000000000000e+00
2.271580315075693335e+01,3.769700807045836045e-04,3.000000000000000000e+00
2.273659552377381132e+01,3.770146792938083836e-04,2.000000000000000000e+00
2.275738789679069285e+01,3.770593137242536164e-04,0.000000000000000000e+00
2.277818026980757082e+01,3.771039839831926668e-04,6.000000000000000000e+00
2.279897264282444880e+01,3.771486900578947246e-04,6.000000000000000000e+00
2.281976501584132677e+01,3.771934319356247509e-04,1.000000000000000000e+00
2.284055738885820475e+01,3.772382096036437497e-04,2.000000000000000000e+00
2.286134976187508272e+01,3.772830230492083339e-04,4.000000000000000000e+00
2.288214213489196069e+01,3.773278722595712134e-04,0.000000000000000000e+00
2.290293450790883867e+01,3.773727572219808153e-04,5.000000000000000000e+00
2.292372688092571664e+01,3.774176779236815553e-04,1.000000000000000000e+00
2.294451925394259462e+01,3.774626343519137833e-04,3.000000000000000000e+00
2.296531162695947614e+01,3.775076264939137833e-04,4.000000000000000000e+00
2.298610399997635412e+01,3.775526543369136113e-04,7.000000000000000000e+00
2.300689637299323209e+01,3.775977178681415823e-04,4.000000000000000000e+00
2.302768874601011007e+01,3.776428170748218375e-04,4.000000000000000000e+00
2.304848111902698804e+01,3.776879519441743980e-04,1.000000000000000000e+00
2.306927349204386601e+01,3.777331224634154360e-04,7.000000000000000000e+00
2.309006586506074399e+01,3.777783286197571120e-04,1.000000000000000000e+00
2.311085823807762196e+01,3.778235704004075752e-04,4.000000000000000000e+00
2.313165061109449994e+01,3.778688477925711800e-04,4.000000000000000000e+00
2.315244298411138146e+01,3.779141607834481066e-04,6.000000000000000000e+00
2.317323535712825944e+01,3.779595093602347404e-04,1.000000000000000000e+00
2.319402773014513741e+01,3.780048935101235639e-04,6.000000000000000000e+00
2.321482010316201539e+01,3.780503132203031562e-04,6.000000000000000000e+00
2.323561247617889336e+01,3.780957684779582477e-04,4.000000000000000000e+00
2.325640484919577133e+01,3.781412592702695571e-04,4.000000000000000000e+00
2.327719722221264931e+01,3.781867855844141171e-04,3.000000000000000000e+00
2.329798959522952728e+01,3.782323474075651110e-04,2.000000000000000000e+00
2.331878196824640526e+01,3.782779447268917652e-04,2.000000000000000000e+00
2.333957434126328323e+01,3.783235775295596738e-04,3.000000000000000000e+00
2.336036671428016476e+01,3.783692458027304736e-04,2.000000000000000000e+00
2.338115908729704273e+01,3.784149495335621151e-04,1.000000000000000000e+00
2.340195146031392071e+01,3.784606887092088084e-04,2.000000000000000000e+00
2.342274383333079868e+01,3.785064633168209146e-04,5.000000000000000000e+00
2.344353620634767665e+01,3.785522733435452169e-04,6.000000000000000000e+00
2.346432857936455463e+01,3.785981187765245413e-04,6.000000000000000000e+00
2.348512095238143260e+01,3.786439996028982441e-04,1.000000000000000000e+00
2.350591332539831058e+01,3.786899158098017788e-04,4.000000000000000000e+00
2.352670569841518855e+01,3.787358673843671292e-04,1.000000000000000000e+00
2.354749807143207008e+01,3.787818543137224845e-04,4.000000000000000000e+00
2.356829044444894805e+01,3.788278765849923476e-04,0.000000000000000000e+00
2.358908281746582603e+01,3.788739341852976976e-04,5.000000000000000000e+00
2.360987519048270400e+01,3.789200271017558277e-04,4.000000000000000000e+00
2.363066756349958197e+01,3.789661553214804528e-04,4.000000000000000000e+00
2.365145993651645995e+01,3.790123188315816017e-04,1.000000000000000000e+00
2.367225230953333792e+01,3.790585176191658338e-04,0.000000000000000000e+00
2.369304468255021590e+01,3.791047516713361848e-04,5.000000000000000000e+00
2.371383705556709387e+01,3.791510209751919498e-04,2.000000000000000000e+00
2.373462942858397184e+01,3.791973255178290089e-04,8.000000000000000000e+00
2.375542180160085337e+01,3.792436652863397724e-04,2.000000000000000000e+00
2.377621417461773135e+01,3.792900402678130189e-04,3.000000000000000000e+00
2.379700654763460932e+01,3.793364504493341115e-04,3.000000000000000000e+00
2.381779892065148729e+01,3.793828958179849440e-04,2.000000000000000000e+00
2.383859129366836527e+01,3.794293763608437781e-04,3.000000000000000000e+00
2.385938366668524324e+01,3.794758920649856770e-04,4.000000000000000000e+00
2.388017603970212122e+01,3.795224429174821261e-04,3.000000000000000000e+00
2.390096841271899919e+01,3.795690289054011956e-04,4.000000000000000000e+00
2.392176078573587716e+01,3.796156500158074862e-04,3.000000000000000000e+00
2.394255315875275869e+01,3.796623062357623460e-04,0.000000000000000000e+00
2.396334553176963666e+01,3.797089975523235995e-04,1.000000000000000000e+00
2.398413790478651464e+01,3.797557239525458728e-04,3.000000000000000000e+00
2.400493027780339261e+01,3.798024854234802140e-04,2.000000000000000000e+00
2.402572265082027059e+01,3.798492819521744729e-04,1.000000000000000000e+00
2.404651502383714856e+01,3.798961135256732468e-04,4.000000000000000000e+00
2.406730739685402654e+01,3.799429801310175549e-04,2.000000000000000000e+00
2.408809976987090451e+01,3.799898817552454350e-04,2.000000000000000000e+00
2.410889214288778248e+01,3.800368183853914555e-04,3.000000000000000000e+00
2.412968451590466401e+01,3.800837900084868778e-04,5.000000000000000000e+00
2.415047688892154198e+01,3.801307966115598735e-04,3.000000000000000000e+00
2.417126926193841996e+01,3.801778381816351988e-04,2.000000000000000000e+00
2.419206163495529793e+01,3.802249147057345201e-04,3.000000000000000000e+00
2.421285400797217591e+01,3.802720261708761968e-04,5.000000000000000000e+00
2.423364638098905388e+01,3.803191725640754986e-04,3.000000000000000000e+00
2.425443875400593186e+01,3.803663538723442796e-04,2.000000000000000000e+00
2.427523112702280983e+01,3.804135700826915753e-04,1.000000000000000000e+01
2.429602350003968780e+01,3.804608211821228431e-04,1.000000000000000000e+00
2.431681587305656578e+01,3.805081071576407758e-04,1.000000000000000000e+00
2.433760824607344730e+01,3.805554279962446509e-04,3.000000000000000000e+00
2.435840061909032528e+01,3.806027836849308729e-04,3.000000000000000000e+00
2.437919299210720325e+01,3.806501742106925936e-04,7.000000000000000000e+00
2.439998536512408123e+01,3.806975995605198205e-04,0.000000000000000000e+00
2.442077773814095920e+01,3.807450597213996339e-04,4.000000000000000000e+00
2.444157011115783718e+01,3.807925546803159699e-04,2.000000000000000000e+00
2.446236248417471515e+01,3.808400844242497288e-04,4.000000000000000000e+00
2.448315485719159312e+01,3.808876489401787752e-04,4.000000000000000000e+00
2.450394723020847110e+01,3.809352482150779378e-04,3.000000000000000000e+00
2.452473960322535262e+01,3.809828822359191181e-04,3.000000000000000000e+00
2.454553197624223060e+01,3.810305509896711276e-04,2.000000000000000000e+00
2.456632434925910857e+01,3.810782544632997960e-04,5.000000000000000000e+00
2.458711672227598655e+01,3.811259926437680803e-04,2.000000000000000000e+00
2.460790909529286452e+01,3.811737655180359014e-04,3.000000000000000000e+00
2.462870146830974249e+01,3.812215730730603614e-04,4.000000000000000000e+00
2.464949384132662047e+01,3.812694152957954181e-04,5.000000000000000000e+00
2.467028621434349844e+01,3.813172921731923732e-04,1.000000000000000000e+00
2.469107858736037642e+01,3.813652036921993840e-04,2.000000000000000000e+00
2.471187096037725439e+01,3.814131498397619517e-04,2.000000000000000000e+00
2.473266333339413592e+01,3.814611306028225959e-04,0.000000000000000000e+00
2.475345570641101389e+01,3.815091459683209087e-04,4.000000000000000000e+00
2.477424807942789187e+01,3.815571959231938261e-04,4.000000000000000000e+00
2.479504045244476984e+01,3.816052804543753024e-04,1.000000000000000000e+00
2.481583282546164781e+01,3.816533995487965273e-04,2.000000000000000000e+00
2.483662519847852579e+01,3.817015531933858172e-04,3.000000000000000000e+00
2.485741757149540376e+01,3.817497413750688866e-04,4.000000000000000000e+00
2.487820994451228174e+01,3.817979640807684684e-04,3.000000000000000000e+00
2.489900231752915971e+01,3.818462212974046933e-04,1.000000000000000000e+00
2.491979469054604124e+01,3.818945130118948732e-04,2.000000000000000000e+00
2.494058706356291921e+01,3.819428392111535553e-04,4.000000000000000000e+00
2.496137943657979719e+01,3.819911998820925761e-04,1.000000000000000000e+00
2.498217180959667516e+01,3.820395950116211702e-04,3.000000000000000000e+00
2.500296418261355313e+01,3.820880245866457533e-04,7.000000000000000000e+00
2.502375655563043111e+01,3.821364885940700847e-04,0.000000000000000000e+00
2.504454892864730908e+01,3.821849870207953757e-04,1.000000000000000000e+00
2.506534130166418706e+01,3.822335198537199648e-04,3.000000000000000000e+00
2.508613367468106503e+01,3.822820870797397508e-04,2.000000000000000000e+00
2.510692604769794301e+01,3.823306886857479763e-04,2.000000000000000000e+00
2.512771842071482453e+01,3.823793246586351191e-04,8.000000000000000000e+00
2.514851079373170251e+01,3.824279949852892719e-04,3.000000000000000000e+00
2.516930316674858048e+01,3.824766996525957624e-04,4.000000000000000000e+00
2.519009553976545845e+01,3.825254386474374250e-04,4.000000000000000000e+00
2.521088791278233643e+01,3.825742119566946002e-04,6.000000000000000000e+00
2.523168028579921440e+01,3.826230195672449723e-04,1.000000000000000000e+00
2.525247265881609238e+01,3.826718614659637861e-04,3.000000000000000000e+00
2.527326503183297035e+01,3.827207376397236843e-04,3.000000000000000000e+00
2.529405740484984833e+01,3.827696480753948159e-04,0.000000000000000000e+00
2.531484977786672985e+01,3.828185927598448906e-04,0.000000000000000000e+00
2.533564215088360783e+01,3.828675716799391244e-04,1.000000000000000000e+00
2.535643452390048580e+01,3.829165848225402394e-04,3.000000000000000000e+00
2.537722689691736377e+01,3.829656321745085186e-04,4.000000000000000000e+00
2.539801926993424175e+01,3.830147137227018052e-04,3.000000000000000000e+00
2.541881164295111972e+01,3.830638294539756659e-04,8.000000000000000000e+00
2.543960401596799770e+01,3.831129793551829024e-04,1.000000000000000000e+00
2.546039638898487567e+01,3.831621634131742024e-04,1.000000000000000000e+00
2.548118876200175364e+01,3.832113816147978140e-04,5.000000000000000000e+00
2.550198113501863162e+01,3.832606339468996003e-04,2.000000000000000000e+00
2.552277350803551315e+01,3.833099203963230930e-04,2.000000000000000000e+00
2.554356588105239112e+01,3.833592409499094389e-04,1.000000000000000000e+00
2.556435825406926909e+01,3.834085955944973993e-04,3.000000000000000000e+00
2.558515062708614707e+01,3.834579843169234588e-04,2.000000000000000000e+00
2.560594300010302504e+01,3.835074071040219337e-04,4.000000000000000000e+00
2.562673537311990302e+01,3.835568639426246464e-04,4.000000000000000000e+00
2.564752774613678099e+01,3.836063548195611968e-04,3.000000000000000000e+00
2.566832011915365896e+01,3.836558797216590706e-04,3.000000000000000000e+00
2.568911249217053694e+01,3.837054386357432599e-04,4.000000000000000000e+00
2.570990486518741847e+01,3.837550315486366426e-04,4.000000000000000000e+00
2.573069723820429644e+01,3.838046584471598737e-04,1.000000000000000000e+00
2.575148961122117441e+01,3.838543193181313861e-04,2.000000000000000000e+00
2.577228198423805239e+01,3.839040141483674438e-04,4.000000000000000000e+00
2.579307435725493036e+01,3.839537429246820343e-04,3.000000000000000000e+00
2.581386673027180834e+01,3.840035056338870307e-04,2.000000000000000000e+00
2.583465910328868631e+01,3.840533022627920837e-04,4.000000000000000000e+00
2.585545147630556428e+01,3.841031327982048381e-04,6.000000000000000000e+00
2.587624384932244226e+01,3.841529972269306075e-04,5.000000000000000000e+00
2.589703622233932023e+01,3.842028955357728085e-04,4.000000000000000000e+00
2.591782859535620176e+01,3.842528277115325806e-04,3.000000000000000000e+00
2.593862096837307973e+01,3.843027937410089493e-04,4.000000000000000000e+00
2.595941334138995771e+01,3.843527936109990425e-04,1.000000000000000000e+00
2.598020571440683568e+01,3.844028273082976573e-04,2.000000000000000000e+00
2.600099808742371366e+01,3.844528948196977475e-04,2.000000000000000000e+00
2.602179046044059163e+01,3.845029961319902071e-04,1.000000000000000000e+00
2.604258283345746960e+01,3.845531312319637072e-04,1.000000000000000000e+00
2.606337520647434758e+01,3.846033001064051303e-04,3.000000000000000000e+00
2.608416757949122555e+01,3.846535027420992445e-04,4.000000000000000000e+00
2.610495995250810708e+01,3.847037391258287579e-04,8.000000000000000000e+00
2.612575232552498505e+01,3.847540092443745897e-04,1.000000000000000000e+00
2.614654469854186303e+01,3.848043130845154908e-04,2.000000000000000000e+00
2.616733707155874100e+01,3.848546506330283688e-04,5.000000000000000000e+00
2.618812944457561898e+01,3.849050218766882341e-04,2.000000000000000000e+00
2.620892181759249695e+01,3.849554268022679828e-04,0.000000000000000000e+00
2.622971419060937492e+01,3.850058653965388305e-04,1.000000000000000000e+00
2.625050656362625290e+01,3.850563376462699328e-04,0.000000000000000000e+00
2.627129893664313087e+01,3.851068435382285480e-04,5.000000000000000000e+00
2.629209130966000885e+01,3.851573830591801455e-04,5.000000000000000000e+00
2.631288368267689037e+01,3.852079561958882971e-04,4.000000000000000000e+00
2.633367605569376835e+01,3.852585629351147319e-04,5.000000000000000000e+00
2.635446842871064632e+01,3.853092032636192812e-04,0.000000000000000000e+00
2.637526080172752430e+01,3.853598771681600419e-04,3.000000000000000000e+00
2.639605317474440227e+01,3.854105846354932132e-04,1.000000000000000000e+00
2.641684554776128024e+01,3.854613256523732601e-04,3.000000000000000000e+00
2.643763792077815822e+01,3.855121002055528581e-04,3.000000000000000000e+00
2.645843029379503619e+01,3.855629082817827857e-04,6.000000000000000000e+00
2.647922266681191417e+01,3.856137498678121949e-04,6.000000000000000000e+00
2.650001503982879569e+01,3.856646249503885033e-04,4.000000000000000000e+00
2.652080741284567367e+01,3.857155335162573391e-04,3.000000000000000000e+00
2.654159978586255164e+01,3.857664755521624878e-04,4.000000000000000000e+00
2.656239215887942962e+01,3.858174510448461624e-04,3.000000000000000000e+00
2.658318453189630759e+01,3.858684599810489500e-04,5.000000000000000000e+00
2.660397690491318556e+01,3.859195023475095942e-04,2.000000000000000000e+00
2.662476927793006354e+01,3.859705781309652668e-04,2.000000000000000000e+00
2.664556165094694151e+01,3.860216873181512962e-04,6.000000000000000000e+00
2.666635402396381949e+01,3.860728298958016557e-04,1.000000000000000000e+00
2.668714639698069746e+01,3.861240058506484212e-04,8.000000000000000000e+00
2.670793876999757899e+01,3.861752151694222593e-04,2.000000000000000000e+00
2.672873114301445696e+01,3.862264578388519931e-04,1.000000000000000000e+00
2.674952351603133494e+01,3.862777338456650908e-04,4.000000000000000000e+00
2.677031588904821291e+01,3.863290431765871772e-04,2.000000000000000000e+00
2.679110826206509088e+01,3.863803858183425762e-04,5.000000000000000000e+00
2.681190063508196886e+01,3.864317617576538771e-04,4.000000000000000000e+00
2.683269300809884683e+01,3.864831709812420967e-04,2.000000000000000000e+00
2.685348538111572481e+01,3.865346134758268428e-04,3.000000000000000000e+00
2.687427775413260278e+01,3.865860892281260965e-04,2.000000000000000000e+00
2.689507012714948431e+01,3.866375982248563756e-04,2.000000000000000000e+00
2.691586250016636228e+01,3.866891404527326797e-04,2.000000000000000000e+00
2.693665487318324026e+01,3.867407158984685449e-04,1.000000000000000000e+00
2.695744724620011823e+01,3.867923245487760436e-04,1.000000000000000000e+00
2.697823961921699620e+01,3.868439663903657302e-04,3.000000000000000000e+00
2.699903199223387418e+01,3.868956414099467499e-04,3.000000000000000000e+00
2.701982436525075215e+01,3.869473495942267840e-04,2.000000000000000000e+00
2.704061673826763013e+01,3.869990909299121586e-04,6.000000000000000000e+00
2.706140911128450810e+01,3.870508654037076819e-04,4.000000000000000000e+00
2.708220148430138607e+01,3.871026730023168611e-04,1.000000000000000000e+00
2.710299385731826760e+01,3.871545137124417398e-04,4.000000000000000000e+00
2.712378623033514558e+01,3.872063875207830603e-04,7.000000000000000000e+00
2.714457860335202355e+01,3.872582944140401016e-04,6.000000000000000000e+00
2.716537097636890152e+01,3.873102343789108413e-04,3.000000000000000000e+00
2.718616334938577950e+01,3.873622074020920104e-04,5.000000000000000000e+00
2.720695572240265747e+01,3.874142134702789303e-04,6.000000000000000000e+00
2.722774809541953545e+01,3.874662525701655130e-04,3.000000000000000000e+00
2.724854046843641342e+01,3.875183246884445322e-04,3.000000000000000000e+00
2.726933284145329139e+01,3.875704298118074604e-04,1.000000000000000000e+00
2.729012521447017292e+01,3.876225679269443064e-04,2.000000000000000000e+00
2.731091758748705089e+01,3.876747390205440491e-04,4.000000000000000000e+00
2.733170996050392887e+01,3.877269430792942579e-04,5.000000000000000000e+00
2.735250233352080684e+01,3.877791800898813097e-04,3.000000000000000000e+00
2.737329470653768482e+01,3.878314500389904427e-04,4.000000000000000000e+00
2.739408707955456279e+01,3.878837529133054860e-04,1.000000000000000000e+00
2.741487945257144077e+01,3.879360886995092384e-04,3.000000000000000000e+00
2.743567182558831874e+01,3.879884573842832520e-04,4.000000000000000000e+00
2.745646419860519671e+01,3.880408589543077780e-04,7.000000000000000000e+00
2.747725657162207469e+01,3.880932933962620915e-04,0.000000000000000000e+00
2.749804894463895621e+01,3.881457606968242752e-04,3.000000000000000000e+00
2.751884131765583419e+01,3.881982608426711649e-04,3.000000000000000000e+00
2.753963369067271216e+01,3.882507938204785122e-04,4.000000000000000000e+00
2.756042606368959014e+01,3.883033596169209304e-04,4.000000000000000000e+00
2.758121843670646811e+01,3.883559582186720568e-04,3.000000000000000000e+00
2.760201080972334609e+01,3.884085896124041737e-04,7.000000000000000000e+00
2.762280318274022406e+01,3.884612537847888041e-04,0.000000000000000000e+00
2.764359555575710203e+01,3.885139507224961162e-04,3.000000000000000000e+00
2.766438792877398001e+01,3.885666804121953562e-04,3.000000000000000000e+00
2.768518030179086153e+01,3.886194428405546865e-04,2.000000000000000000e+00
2.770597267480773951e+01,3.886722379942412933e-04,2.000000000000000000e+00
2.772676504782461748e+01,3.887250658599212248e-04,5.000000000000000000e+00
2.774755742084149546e+01,3.887779264242596615e-04,7.000000000000000000e+00
2.776834979385837343e+01,3.888308196739205915e-04,2.000000000000000000e+00
2.778914216687525141e+01,3.888837455955672438e-04,2.000000000000000000e+00
2.780993453989212938e+01,3.889367041758616549e-04,3.000000000000000000e+00
2.783072691290900735e+01,3.889896954014651024e-04,2.000000000000000000e+00
2.785151928592588533e+01,3.890427192590377252e-04,1.000000000000000000e+00
2.787231165894276330e+01,3.890957757352387953e-04,4.000000000000000000e+00
2.789310403195964483e+01,3.891488648167267168e-04,7.000000000000000000e+00
2.791389640497652280e+01,3.892019864901588642e-04,3.000000000000000000e+00
2.793468877799340078e+01,3.892551407421917988e-04,4.000000000000000000e+00
2.795548115101027875e+01,3.893083275594811602e-04,2.000000000000000000e+00
2.797627352402715672e+01,3.893615469286817207e-04,4.000000000000000000e+00
2.799706589704403470e+01,3.894147988364472768e-04,4.000000000000000000e+00
2.801785827006091267e+01,3.894680832694309204e-04,3.000000000000000000e+00
2.803865064307779065e+01,3.895214002142847673e-04,2.000000000000000000e+00
2.805944301609466862e+01,3.895747496576602289e-04,2.000000000000000000e+00
2.808023538911155015e+01,3.896281315862077949e-04,5.000000000000000000e+00
2.810102776212842812e+01,3.896815459865771419e-04,2.000000000000000000e+00
2.812182013514530610e+01,3.897349928454171874e-04,3.000000000000000000e+00
2.814261250816218407e+01,3.897884721493760900e-04,3.000000000000000000e+00
2.816340488117906204e+01,3.898419838851011412e-04,4.000000000000000000e+00
2.818419725419594002e+01,3.898955280392389817e-04,5.000000000000000000e+00
2.820498962721281799e+01,3.899491045984353308e-04,7.000000000000000000e+00
2.822578200022969597e+01,3.900027135493353112e-04,4.000000000000000000e+00
2.824657437324657394e+01,3.900563548785833412e-04,1.000000000000000000e+00
2.826736674626345192e+01,3.901100285728230257e-04,3.000000000000000000e+00
2.828815911928033344e+01,3.901637346186972110e-04,1.000000000000000000e+00
2.830895149229721142e+01,3.902174730028482009e-04,2.000000000000000000e+00
2.832974386531408939e+01,3.902712437119175404e-04,3.000000000000000000e+00
2.835053623833096736e+01,3.903250467325460700e-04,6.000000000000000000e+00
2.837132861134784534e+01,3.903788820513739793e-04,7.000000000000000000e+00
2.839212098436472331e+01,3.904327496550409160e-04,6.000000000000000000e+00
2.841291335738160129e+01,3.904866495301857689e-04,6.000000000000000000e+00
2.843370573039847926e+01,3.905405816634468304e-04,2.000000000000000000e+00
2.845449810341535724e+01,3.905945460414617966e-04,4.000000000000000000e+00
2.847529047643223876e+01,3.906485426508677131e-04,3.000000000000000000e+00
2.849608284944911674e+01,3.907025714783011919e-04,1.000000000000000000e+00
2.851687522246599471e+01,3.907566325103979774e-04,4.000000000000000000e+00
2.853766759548287268e+01,3.908107257337934889e-04,6.000000000000000000e+00
2.855845996849975066e+01,3.908648511351224954e-04,1.000000000000000000e+00
2.857925234151662863e+01,3.909190087010192775e-04,4.000000000000000000e+00
2.860004471453350661e+01,3.909731984181175199e-04,2.000000000000000000e+00
2.862083708755038458e+01,3.910274202730503650e-04,1.000000000000000000e+00
2.864162946056726256e+01,3.910816742524504674e-04,1.000000000000000000e+00
2.866242183358414053e+01,3.911359603429501023e-04,3.000000000000000000e+00
2.868321420660102206e+01,3.911902785311807858e-04,3.000000000000000000e+00
2.870400657961790003e+01,3.912446288037738714e-04,2.000000000000000000e+00
2.872479895263477800e+01,3.912990111473599536e-04,4.000000000000000000e+00
2.874559132565165598e+01,3.913534255485694646e-04,5.000000000000000000e+00
2.876638369866853395e+01,3.914078719940320772e-04,2.000000000000000000e+00
2.878717607168541193e+01,3.914623504703773561e-04,4.000000000000000000e+00
2.880796844470228990e+01,3.915168609642341070e-04,1.000000000000000000e+00
2.882876081771916787e+01,3.915714034622309729e-04,4.000000000000000000e+00
2.884955319073604585e+01,3.916259779509961088e-04,6.000000000000000000e+00
2.887034556375292738e+01,3.916805844171573447e-04,2.000000000000000000e+00
2.889113793676980535e+01,3.917352228473420226e-04,2.000000000000000000e+00
2.891193030978668332e+01,3.917898932281771592e-04,2.000000000000000000e+00
2.893272268280356130e+01,3.918445955462895544e-04,4.000000000000000000e+00
2.895351505582043927e+01,3.918993297883054117e-04,7.000000000000000000e+00
2.897430742883731725e+01,3.919540959408508263e-04,4.000000000000000000e+00
2.899509980185419522e+01,3.920088939905514054e-04,2.000000000000000000e+00
2.901589217487107319e+01,3.920637239240326480e-04,5.000000000000000000e+00
2.903668454788795117e+01,3.921185857279194022e-04,5.000000000000000000e+00
2.905747692090482914e+01,3.921734793888367334e-04,5.000000000000000000e+00
2.907826929392171067e+01,3.922284048934089476e-04,3.000000000000000000e+00
2.909906166693858864e+01,3.922833622282604054e-04,1.000000000000000000e+00
2.911985403995546662e+01,3.923383513800149792e-04,1.000000000000000000e+00
2.914064641297234459e+01,3.923933723352964874e-04,1.000000000000000000e+00
2.916143878598922257e+01,3.924484250807284773e-04,6.000000000000000000e+00
2.918223115900610054e+01,3.925035096029342251e-04,2.000000000000000000e+00
2.920302353202297851e+01,3.925586258885367902e-04,2.000000000000000000e+00
2.922381590503985649e+01,3.926137739241590150e-04,6.000000000000000000e+00
2.924460827805673446e+01,3.926689536964236339e-04,3.000000000000000000e+00
2.926540065107361599e+01,3.927241651919531097e-04,5.000000000000000000e+00
2.928619302409049396e+01,3.927794083973699057e-04,2.000000000000000000e+00
2.930698539710737194e+01,3.928346832992961053e-04,5.000000000000000000e+00
2.932777777012424991e+01,3.928899898843538465e-04,4.000000000000000000e+00
2.934857014314112789e+01,3.929453281391648875e-04,4.000000000000000000e+00
2.936936251615800586e+01,3.930006980503511493e-04,2.000000000000000000e+00
2.939015488917488383e+01,3.930560996045342819e-04,5.000000000000000000e+00
2.941094726219176181e+01,3.931115327883358810e-04,5.000000000000000000e+00
2.943173963520863978e+01,3.931669975883773254e-04,2.000000000000000000e+00
2.945253200822551776e+01,3.932224939912801567e-04,6.000000000000000000e+00
2.947332438124239928e+01,3.932780219836656452e-04,2.000000000000000000e+00
2.949411675425927726e+01,3.933335815521550073e-04,3.000000000000000000e+00
2.951490912727615523e+01,3.933891726833695134e-04,1.000000000000000000e+00
2.953570150029303321e+01,3.934447953639304339e-04,3.000000000000000000e+00
2.955649387330991118e+01,3.935004495804588225e-04,4.000000000000000000e+00
2.957728624632678915e+01,3.935561353195758953e-04,5.000000000000000000e+00
2.959807861934366713e+01,3.936118525679027603e-04,6.000000000000000000e+00
2.961887099236054510e+01,3.936676013120605794e-04,2.000000000000000000e+00
2.963966336537742308e+01,3.937233815386705690e-04,2.000000000000000000e+00
2.966045573839430460e+01,3.937791932343538367e-04,8.000000000000000000e+00
2.968124811141118258e+01,3.938350363857316531e-04,5.000000000000000000e+00
2.970204048442806055e+01,3.938909109794252886e-04,2.000000000000000000e+00
2.972283285744493853e+01,3.939468170020561221e-04,6.000000000000000000e+00
2.974362523046181650e+01,3.940027544402455867e-04,2.000000000000000000e+00
2.976441760347869447e+01,3.940587232806151154e-04,6.000000000000000000e+00
2.978520997649557245e+01,3.941147235097863040e-04,2.000000000000000000e+00
2.980600234951245042e+01,3.941707551143808566e-04,2.000000000000000000e+00
2.982679472252932840e+01,3.942268180810204773e-04,5.000000000000000000e+00
2.984758709554620992e+01,3.942829123963272498e-04,3.000000000000000000e+00
2.986837946856308790e+01,3.943390380469231492e-04,2.000000000000000000e+00
2.988917184157996587e+01,3.943951950194303675e-04,4.000000000000000000e+00
2.990996421459684385e+01,3.944513833004712052e-04,5.000000000000000000e+00
2.993075658761372182e+01,3.945076028766682881e-04,3.000000000000000000e+00
2.995154896063059979e+01,3.945638537346442959e-04,2.000000000000000000e+00
2.997234133364747777e+01,3.946201358610220171e-04,3.000000000000000000e+00
2.999313370666435574e+01,3.946764492424246194e-04,3.000000000000000000e+00
3.001392607968123372e+01,3.947327938654753249e-04,3.000000000000000000e+00
3.003471845269811169e+01,3.947891697167976808e-04,3.000000000000000000e+00
3.005551082571499322e+01,3.948455767830153971e-04,6.000000000000000000e+00
3.007630319873187119e+01,3.949020150507525089e-04,5.000000000000000000e+00
3.009709557174874917e+01,3.949584845066330513e-04,6.000000000000000000e+00
3.011788794476562714e+01,3.950149851372817102e-04,1.000000000000000000e+00
3.013868031778250511e+01,3.950715169293231169e-04,3.000000000000000000e+00
3.015947269079938309e+01,3.951280798693823366e-04,2.000000000000000000e+00
3.018026506381626106e+01,3.951846739440845972e-04,2.000000000000000000e+00
3.020105743683313904e+01,3.952412991400556684e-04,3.000000000000000000e+00
3.022184980985001701e+01,3.952979554439213202e-04,2.000000000000000000e+00
3.024264218286689854e+01,3.953546428423079188e-04,3.000000000000000000e+00
3.026343455588377651e+01,3.954113613218419930e-04,1.000000000000000000e+00
3.028422692890065449e+01,3.954681108691505053e-04,9.000000000000000000e+00
3.030501930191753246e+01,3.955248914708606352e-04,5.000000000000000000e+00
3.032581167493441043e+01,3.955817031136001040e-04,1.000000000000000000e+00
3.034660404795128841e+01,3.956385457839969042e-04,3.000000000000000000e+00
3.036739642096816638e+01,3.956954194686793536e-04,3.000000000000000000e+00
3.038818879398504436e+01,3.957523241542763664e-04,3.000000000000000000e+00
3.040898116700192233e+01,3.958092598274170191e-04,3.000000000000000000e+00
3.042977354001880030e+01,3.958662264747308764e-04,2.000000000000000000e+00
3.045056591303568183e+01,3.959232240828481535e-04,1.000000000000000000e+00
3.047135828605255981e+01,3.959802526383991196e-04,5.000000000000000000e+00
3.049215065906943778e+01,3.960373121280148030e-04,2.000000000000000000e+00
3.051294303208631575e+01,3.960944025383263947e-04,4.000000000000000000e+00
3.053373540510319373e+01,3.961515238559658986e-04,2.000000000000000000e+00
3.055452777812007170e+01,3.962086760675655357e-04,2.000000000000000000e+00
3.057532015113694968e+01,3.962658591597580148e-04,6.000000000000000000e+00
3.059611252415382765e+01,3.963230731191766951e-04,4.000000000000000000e+00
3.061690489717070562e+01,3.963803179324552613e-04,0.000000000000000000e+00
3.063769727018758715e+01,3.964375935862281025e-04,4.000000000000000000e+00
3.065848964320446512e+01,3.964949000671299877e-04,2.000000000000000000e+00
3.067928201622134310e+01,3.965522373617962819e-04,4.000000000000000000e+00
3.070007438923822107e+01,3.966096054568628380e-04,2.000000000000000000e+00
3.072086676225509905e+01,3.966670043389661595e-04,3.000000000000000000e+00
3.074165913527197702e+01,3.967244339947431837e-04,0.000000000000000000e+00
3.076245150828885500e+01,3.967818944108314982e-04,3.000000000000000000e+00
3.078324388130573297e+01,3.968393855738693412e-04,3.000000000000000000e+00
3.080403625432261094e+01,3.968969074704954388e-04,3.000000000000000000e+00
3.082482862733948892e+01,3.969544600873491677e-04,3.000000000000000000e+00
3.084562100035637044e+01,3.970120434110705008e-04,1.000000000000000000e+00
3.086641337337324842e+01,3.970696574283000616e-04,4.000000000000000000e+00
3.088720574639012639e+01,3.971273021256790155e-04,3.000000000000000000e+00
3.090799811940700437e+01,3.971849774898493415e-04,4.000000000000000000e+00
3.092879049242388234e+01,3.972426835074535601e-04,0.000000000000000000e+00
3.094958286544076032e+01,3.973004201651347887e-04,2.000000000000000000e+00
3.097037523845763829e+01,3.973581874495369574e-04,0.000000000000000000e+00
3.099116761147451626e+01,3.974159853473045929e-04,8.000000000000000000e+00
3.101195998449139424e+01,3.974738138450830348e-04,2.000000000000000000e+00
3.103275235750827576e+01,3.975316729295181651e-04,2.000000000000000000e+00
3.105354473052515374e+01,3.975895625872565703e-04,1.000000000000000000e+00
3.107433710354203171e+01,3.976474828049457585e-04,1.000000000000000000e+00
3.109512947655890969e+01,3.977054335692337800e-04,2.000000000000000000e+00
3.111592184957578766e+01,3.977634148667694982e-04,5.000000000000000000e+00
3.113671422259266564e+01,3.978214266842025355e-04,2.000000000000000000e+00
3.115750659560954361e+01,3.978794690081832730e-04,4.000000000000000000e+00
3.117829896862642158e+01,3.979375418253628511e-04,3.000000000000000000e+00
3.119909134164329956e+01,3.979956451223931146e-04,3.000000000000000000e+00
3.121988371466017753e+01,3.980537788859268302e-04,4.000000000000000000e+00
3.124067608767705906e+01,3.981119431026175232e-04,1.000000000000000000e+00
3.126146846069393703e+01,3.981701377591195324e-04,4.000000000000000000e+00
3.128226083371081501e+01,3.982283628420879009e-04,3.000000000000000000e+00
3.130305320672769298e+01,3.982866183381786481e-04,4.000000000000000000e+00
3.132384557974457095e+01,3.983449042340486061e-04,1.000000000000000000e+00
3.134463795276144893e+01,3.984032205163553662e-04,4.000000000000000000e+00
3.136543032577832690e+01,3.984615671717575496e-04,4.000000000000000000e+00
3.138622269879520488e+01,3.985199441869143738e-04,0.000000000000000000e+00
3.140701507181208285e+01,3.985783515484861406e-04,3.000000000000000000e+00
3.142780744482896438e+01,3.986367892431340191e-04,0.000000000000000000e+00
3.144859981784584235e+01,3.986952572575200456e-04,4.000000000000000000e+00
3.146939219086272033e+01,3.987537555783071783e-04,5.000000000000000000e+00
3.149018456387959830e+01,3.988122841921591883e-04,3.000000000000000000e+00
3.151097693689647627e+01,3.988708430857408767e-04,3.000000000000000000e+00
3.153176930991335425e+01,3.989294322457179122e-04,4.000000000000000000e+00
3.155256168293023222e+01,3.989880516587570474e-04,1.000000000000000000e+00
3.157335405594711020e+01,3.990467013115257941e-04,4.000000000000000000e+00
3.159414642896398817e+01,3.991053811906928022e-04,6.000000000000000000e+00
3.161493880198086615e+01,3.991640912829274809e-04,3.000000000000000000e+00
3.163573117499774767e+01,3.992228315749004317e-04,4.000000000000000000e+00
3.165652354801462565e+01,3.992816020532831238e-04,1.000000000000000000e+00
3.167731592103150362e+01,3.993404027047480561e-04,0.000000000000000000e+00
3.169810829404838159e+01,3.993992335159687575e-04,4.000000000000000000e+00
3.171890066706525957e+01,3.994580944736197872e-04,2.000000000000000000e+00
3.173969304008213754e+01,3.995169855643765713e-04,5.000000000000000000e+00
3.176048541309901552e+01,3.995759067749157832e-04,5.000000000000000000e+00
3.178127778611589349e+01,3.996348580919150718e-04,4.000000000000000000e+00
3.180207015913277147e+01,3.996938395020531161e-04,3.000000000000000000e+00
3.182286253214965299e+01,3.997528509920096249e-04,1.000000000000000000e+00
3.184365490516653097e+01,3.998118925484654999e-04,5.000000000000000000e+00
3.186444727818340894e+01,3.998709641581025100e-04,2.000000000000000000e+00
3.188523965120028691e+01,3.999300658076038336e-04,5.000000000000000000e+00
3.190603202421716489e+01,3.999891974836534622e-04,3.000000000000000000e+00
3.192682439723404286e+01,4.000483591729365259e-04,0.000000000000000000e+00
3.194761677025092084e+01,4.001075508621395639e-04,2.000000000000000000e+00
3.196840914326779881e+01,4.001667725379498748e-04,3.000000000000000000e+00
3.198920151628467679e+01,4.002260241870561120e-04,7.000000000000000000e+00
3.200999388930155476e+01,4.002853057961480135e-04,6.000000000000000000e+00
3.203078626231843629e+01,4.003446173519164012e-04,2.000000000000000000e+00
3.205157863533531781e+01,4.004039588410533983e-04,7.000000000000000000e+00
3.207237100835219223e+01,4.004633302502522661e-04,5.000000000000000000e+00
3.209316338136907376e+01,4.005227315662073504e-04,1.000000000000000000e+01
3.211395575438594818e+01,4.005821627756142979e-04,2.000000000000000000e+00
3.213474812740282971e+01,4.006416238651700022e-04,3.000000000000000000e+00
3.215554050041970413e+01,4.007011148215722783e-04,2.000000000000000000e+00
3.217633287343658566e+01,4.007606356315205677e-04,3.000000000000000000e+00
3.219712524645346008e+01,4.008201862817152334e-04,0.000000000000000000e+00
3.221791761947034161e+01,4.008797667588579394e-04,1.000000000000000000e+00
3.223870999248721603e+01,4.009393770496517051e-04,3.000000000000000000e+00
3.225950236550409755e+01,4.009990171408007423e-04,4.000000000000000000e+00
3.228029473852097198e+01,4.010586870190105098e-04,4.000000000000000000e+00
3.230108711153785350e+01,4.011183866709877133e-04,2.000000000000000000e+00
3.232187948455473503e+01,4.011781160834404134e-04,3.000000000000000000e+00
3.234267185757160945e+01,4.012378752430778637e-04,1.000000000000000000e+00
3.236346423058849098e+01,4.012976641366107272e-04,4.000000000000000000e+00
3.238425660360536540e+01,4.013574827507509135e-04,3.000000000000000000e+00
3.240504897662224693e+01,4.014173310722116876e-04,2.000000000000000000e+00
3.242584134963912135e+01,4.014772090877075615e-04,1.000000000000000000e+00
3.244663372265600287e+01,4.015371167839545106e-04,2.000000000000000000e+00
3.246742609567287730e+01,4.015970541476697030e-04,5.000000000000000000e+00
3.248821846868975882e+01,4.016570211655717164e-04,2.000000000000000000e+00
3.250901084170664035e+01,4.017170178243805920e-04,4.000000000000000000e+00
3.252980321472351477e+01,4.017770441108176179e-04,2.000000000000000000e+00
3.255059558774039630e+01,4.018371000116054918e-04,2.000000000000000000e+00
3.257138796075727072e+01,4.018971855134682663e-04,4.000000000000000000e+00
3.259218033377415225e+01,4.019573006031315122e-04,3.000000000000000000e+00
3.261297270679102667e+01,4.020174452673220471e-04,1.000000000000000000e+00
3.263376507980790819e+01,4.020776194927682605e-04,2.000000000000000000e+00
3.265455745282478262e+01,4.021378232661998431e-04,3.000000000000000000e+00
3.267534982584166414e+01,4.021980565743479494e-04,3.000000000000000000e+00
3.269614219885853856e+01,4.022583194039451972e-04,5.000000000000000000e+00
3.271693457187542009e+01,4.023186117417256141e-04,4.000000000000000000e+00
3.273772694489230162e+01,4.023789335744247454e-04,2.000000000000000000e+00
3.275851931790917604e+01,4.024392848887795460e-04,3.000000000000000000e+00
3.277931169092605757e+01,4.024996656715284344e-04,5.000000000000000000e+00
3.280010406394293199e+01,4.025600759094113469e-04,1.000000000000000000e+00
3.282089643695981351e+01,4.026205155891697919e-04,2.000000000000000000e+00
3.284168880997668793e+01,4.026809846975465791e-04,1.000000000000000000e+00
3.286248118299356946e+01,4.027414832212861985e-04,1.000000000000000000e+00
3.288327355601044388e+01,4.028020111471346037e-04,8.000000000000000000e+00
3.290406592902732541e+01,4.028625684618393206e-04,3.000000000000000000e+00
3.292485830204420694e+01,4.029231551521492301e-04,5.000000000000000000e+00
3.294565067506108136e+01,4.029837712048150024e-04,3.000000000000000000e+00
3.296644304807796289e+01,4.030444166065886625e-04,1.000000000000000000e+00
3.298723542109483731e+01,4.031050913442239163e-04,3.000000000000000000e+00
3.300802779411171883e+01,4.031657954044759874e-04,6.000000000000000000e+00
3.302882016712859325e+01,4.032265287741016715e-04,3.000000000000000000e+00
3.304961254014547478e+01,4.032872914398593907e-04,5.000000000000000000e+00
3.307040491316234920e+01,4.033480833885090848e-04,2.000000000000000000e+00
3.309119728617923073e+01,4.034089046068124284e-04,4.000000000000000000e+00
3.311198965919611226e+01,4.034697550815325600e-04,4.000000000000000000e+00
3.313278203221298668e+01,4.035306347994342983e-04,5.000000000000000000e+00
3.315357440522986820e+01,4.035915437472840884e-04,1.000000000000000000e+00
3.317436677824674263e+01,4.036524819118500560e-04,5.000000000000000000e+00
3.319515915126362415e+01,4.037134492799019530e-04,1.000000000000000000e+00
3.321595152428049857e+01,4.037744458382110492e-04,7.000000000000000000e+00
3.323674389729738010e+01,4.038354715735504577e-04,0.000000000000000000e+00
3.325753627031425452e+01,4.038965264726948634e-04,6.000000000000000000e+00
3.327832864333113605e+01,4.039576105224206319e-04,1.000000000000000000e+00
3.329912101634801758e+01,4.040187237095059177e-04,4.000000000000000000e+00
3.331991338936489200e+01,4.040798660207304475e-04,2.000000000000000000e+00
3.334070576238177352e+01,4.041410374428756284e-04,5.000000000000000000e+00
3.336149813539864795e+01,4.042022379627247105e-04,6.000000000000000000e+00
3.338229050841552947e+01,4.042634675670625705e-04,4.000000000000000000e+00
3.340308288143240389e+01,4.043247262426758197e-04,3.000000000000000000e+00
3.342387525444928542e+01,4.043860139763528041e-04,3.000000000000000000e+00
3.344466762746615984e+01,4.044473307548836585e-04,2.000000000000000000e+00
3.346546000048304137e+01,4.045086765650601985e-04,4.000000000000000000e+00
3.348625237349991579e+01,4.045700513936760284e-04,2.000000000000000000e+00
3.350704474651679732e+01,4.046314552275265416e-04,8.000000000000000000e+00
3.352783711953367884e+01,4.046928880534089745e-04,2.000000000000000000e+00
3.354862949255055327e+01,4.047543498581221357e-04,4.000000000000000000e+00
3.356942186556743479e+01,4.048158406284668395e-04,2.000000000000000000e+00
3.359021423858430921e+01,4.048773603512455807e-04,2.000000000000000000e+00
3.361100661160119074e+01,4.049389090132626432e-04,4.000000000000000000e+00
3.363179898461806516e+01,4.050004866013243708e-04,4.000000000000000000e+00
3.365259135763494669e+01,4.050620931022385165e-04,4.000000000000000000e+00
3.367338373065182111e+01,4.051237285028149479e-04,4.000000000000000000e+00
3.369417610366870264e+01,4.051853927898654297e-04,4.000000000000000000e+00
3.371496847668558416e+01,4.052470859502033530e-04,1.000000000000000000e+00
3.373576084970245859e+01,4.053088079706440605e-04,4.000000000000000000e+00
3.375655322271934011e+01,4.053705588380049005e-04,1.000000000000000000e+00
3.377734559573621453e+01,4.054323385391047935e-04,5.000000000000000000e+00
3.379813796875309606e+01,4.054941470607648286e-04,3.000000000000000000e+00
3.381893034176997048e+01,4.055559843898078293e-04,2.000000000000000000e+00
3.383972271478685201e+01,4.056178505130585165e-04,5.000000000000000000e+00
3.386051508780372643e+01,4.056797454173436171e-04,3.000000000000000000e+00
3.388130746082060796e+01,4.057416690894916468e-04,6.000000000000000000e+00
3.390209983383748948e+01,4.058036215163330729e-04,2.000000000000000000e+00
3.392289220685436391e+01,4.058656026847004225e-04,1.000000000000000000e+00
3.394368457987124543e+01,4.059276125814279034e-04,7.000000000000000000e+00
3.396447695288811985e+01,4.059896511933519460e-04,3.000000000000000000e+00
3.398526932590500138e+01,4.060517185073106612e-04,2.000000000000000000e+00
3.400606169892187580e+01,4.061138145101443825e-04,8.000000000000000000e+00
3.402685407193875733e+01,4.061759391886951781e-04,2.000000000000000000e+00
3.404764644495563175e+01,4.062380925298072847e-04,4.000000000000000000e+00
3.406843881797251328e+01,4.063002745203267278e-04,5.000000000000000000e+00
3.408923119098939480e+01,4.063624851471017013e-04,3.000000000000000000e+00
3.411002356400626923e+01,4.064247243969822967e-04,2.000000000000000000e+00
3.413081593702315075e+01,4.064869922568206651e-04,2.000000000000000000e+00
3.415160831004002517e+01,4.065492887134709095e-04,3.000000000000000000e+00
3.417240068305690670e+01,4.066116137537891927e-04,3.000000000000000000e+00
3.419319305607378112e+01,4.066739673646336834e-04,3.000000000000000000e+00
3.421398542909066265e+01,4.067363495328646101e-04,2.000000000000000000e+00
3.423477780210753707e+01,4.067987602453442615e-04,3.000000000000000000e+00
3.425557017512441860e+01,4.068611994889368777e-04,5.000000000000000000e+00
3.427636254814129302e+01,4.069236672505089215e-04,1.000000000000000000e+00
3.429715492115817455e+01,4.069861635169288072e-04,1.000000000000000000e+00
3.431794729417505607e+01,4.070486882750670092e-04,5.000000000000000000e+00
3.433873966719193049e+01,4.071112415117961159e-04,5.000000000000000000e+00
3.435953204020881202e+01,4.071738232139909385e-04,7.000000000000000000e+00
3.438032441322568644e+01,4.072364333685281313e-04,5.000000000000000000e+00
3.440111678624256797e+01,4.072990719622866253e-04,3.000000000000000000e+00
3.442190915925944239e+01,4.073617389821474117e-04,3.000000000000000000e+00
3.444270153227632392e+01,4.074244344149935957e-04,5.000000000000000000e+00
3.446349390529319834e+01,4.074871582477105052e-04,3.000000000000000000e+00
3.448428627831007987e+01,4.075499104671854739e-04,3.000000000000000000e+00
3.450507865132696139e+01,4.076126910603079497e-04,5.000000000000000000e+00
3.452587102434383581e+01,4.076755000139697114e-04,4.000000000000000000e+00
3.454666339736071734e+01,4.077383373150645436e-04,8.000000000000000000e+00
3.456745577037759176e+01,4.078012029504884538e-04,3.000000000000000000e+00
3.458824814339447329e+01,4.078640969071396175e-04,4.000000000000000000e+00
3.460904051641134771e+01,4.079270191719183789e-04,4.000000000000000000e+00
3.462983288942822924e+01,4.079899697317272505e-04,3.000000000000000000e+00
3.465062526244510366e+01,4.080529485734709673e-04,4.000000000000000000e+00
3.467141763546198518e+01,4.081159556840564871e-04,6.000000000000000000e+00
3.469221000847886671e+01,4.081789910503929360e-04,3.000000000000000000e+00
3.471300238149574113e+01,4.082420546593916628e-04,6.000000000000000000e+00
3.473379475451262266e+01,4.083051464979662931e-04,4.000000000000000000e+00
3.475458712752949708e+01,4.083682665530325123e-04,1.000000000000000000e+00
3.477537950054637861e+01,4.084314148115084997e-04,4.000000000000000000e+00
3.479617187356325303e+01,4.084945912603144946e-04,4.000000000000000000e+00
3.481696424658013456e+01,4.085577958863730670e-04,2.000000000000000000e+00
3.483775661959700898e+01,4.086210286766090642e-04,2.000000000000000000e+00
3.485854899261389050e+01,4.086842896179494473e-04,4.000000000000000000e+00
3.487934136563077203e+01,4.087475786973236171e-04,3.000000000000000000e+00
3.490013373864764645e+01,4.088108959016632511e-04,1.000000000000000000e+00
3.492092611166452798e+01,4.088742412179023037e-04,2.000000000000000000e+00
3.494171848468140240e+01,4.089376146329768433e-04,5.000000000000000000e+00
3.496251085769828393e+01,4.090010161338255407e-04,1.000000000000000000e+00
3.498330323071515835e+01,4.090644457073891265e-04,2.000000000000000000e+00
3.500409560373203988e+01,4.091279033406108249e-04,2.000000000000000000e+00
3.502488797674891430e+01,4.091913890204360829e-04,3.000000000000000000e+00
3.504568034976579582e+01,4.092549027338127326e-04,4.000000000000000000e+00
3.506647272278267025e+01,4.093184444676908288e-04,4.000000000000000000e+00
3.508726509579955177e+01,4.093820142090230283e-04,3.000000000000000000e+00
3.510805746881643330e+01,4.094456119447640479e-04,4.000000000000000000e+00
3.512884984183330772e+01,4.095092376618710982e-04,1.000000000000000000e+00
3.514964221485018925e+01,4.095728913473038833e-04,4.000000000000000000e+00
3.517043458786706367e+01,4.096365729880242215e-04,0.000000000000000000e+00
3.519122696088394520e+01,4.097002825709965333e-04,3.000000000000000000e+00
3.521201933390081962e+01,4.097640200831874618e-04,1.000000000000000000e+00
3.523281170691770114e+01,4.098277855115662520e-04,2.000000000000000000e+00
3.525360407993457557e+01,4.098915788431042634e-04,3.000000000000000000e+00
3.527439645295145709e+01,4.099554000647755657e-04,3.000000000000000000e+00
3.529518882596833862e+01,4.100192491635564515e-04,5.000000000000000000e+00
3.531598119898521304e+01,4.100831261264257068e-04,2.000000000000000000e+00
3.533677357200209457e+01,4.101470309403645030e-04,3.000000000000000000e+00
3.535756594501896899e+01,4.102109635923565051e-04,2.000000000000000000e+00
3.537835831803585052e+01,4.102749240693878176e-04,4.000000000000000000e+00
3.539915069105272494e+01,4.103389123584469844e-04,0.000000000000000000e+00
3.541994306406960646e+01,4.104029284465249348e-04,4.000000000000000000e+00
3.544073543708648089e+01,4.104669723206153084e-04,2.000000000000000000e+00
3.546152781010336241e+01,4.105310439677138049e-04,2.000000000000000000e+00
3.548232018312024394e+01,4.105951433748189971e-04,4.000000000000000000e+00
3.550311255613711836e+01,4.106592705289317346e-04,3.000000000000000000e+00
3.552390492915399989e+01,4.107234254170554692e-04,3.000000000000000000e+00
3.554469730217087431e+01,4.107876080261960378e-04,5.000000000000000000e+00
3.556548967518775584e+01,4.108518183433618252e-04,3.000000000000000000e+00
3.558628204820463026e+01,4.109160563555638184e-04,5.000000000000000000e+00
3.560707442122151178e+01,4.109803220498153896e-04,3.000000000000000000e+00
3.562786679423838621e+01,4.110446154131325129e-04,4.000000000000000000e+00
3.564865916725526773e+01,4.111089364325337648e-04,1.000000000000000000e+00
3.566945154027214926e+01,4.111732850950400526e-04,3.000000000000000000e+00
3.569024391328902368e+01,4.112376613876750483e-04,1.000000000000000000e+00
3.571103628630590521e+01,4.113020652974648636e-04,5.000000000000000000e+00
3.573182865932277963e+01,4.113664968114382121e-04,2.000000000000000000e+00
3.575262103233966116e+01,4.114309559166263552e-04,4.000000000000000000e+00
3.577341340535653558e+01,4.114954426000631566e-04,1.000000000000000000e+00
3.579420577837341710e+01,4.115599568487849735e-04,3.000000000000000000e+00
3.581499815139029153e+01,4.116244986498308737e-04,2.000000000000000000e+00
3.583579052440717305e+01,4.116890679902424728e-04,5.000000000000000000e+00
3.585658289742404747e+01,4.117536648570639343e-04,1.000000000000000000e+00
3.587737527044092900e+01,4.118182892373420780e-04,2.000000000000000000e+00
3.589816764345781053e+01,4.118829411181263258e-04,1.000000000000000000e+00
3.591896001647468495e+01,4.119476204864687559e-04,5.000000000000000000e+00
3.593975238949156648e+01,4.120123273294239944e-04,4.000000000000000000e+00
3.596054476250844090e+01,4.120770616340494320e-04,1.000000000000000000e+00
3.598133713552532242e+01,4.121418233874049532e-04,4.000000000000000000e+00
3.600212950854219685e+01,4.122066125765530987e-04,7.000000000000000000e+00
3.602292188155907837e+01,4.122714291885592281e-04,7.000000000000000000e+00
3.604371425457595279e+01,4.123362732104912491e-04,5.000000000000000000e+00
3.606450662759283432e+01,4.124011446294196170e-04,4.000000000000000000e+00
3.608529900060971585e+01,4.124660434324176604e-04,1.000000000000000000e+00
3.610609137362659027e+01,4.125309696065613640e-04,5.000000000000000000e+00
3.612688374664347180e+01,4.125959231389292607e-04,3.000000000000000000e+00
3.614767611966034622e+01,4.126609040166026479e-04,6.000000000000000000e+00
3.616846849267722774e+01,4.127259122266656419e-04,4.000000000000000000e+00
3.618926086569410216e+01,4.127909477562047985e-04,2.000000000000000000e+00
3.621005323871098369e+01,4.128560105923096009e-04,3.000000000000000000e+00
3.623084561172785811e+01,4.129211007220722428e-04,5.000000000000000000e+00
3.625163798474473964e+01,4.129862181325875199e-04,2.000000000000000000e+00
3.627243035776162117e+01,4.130513628109530469e-04,4.000000000000000000e+00
3.629322273077849559e+01,4.131165347442692032e-04,3.000000000000000000e+00
3.631401510379537712e+01,4.131817339196389703e-04,3.000000000000000000e+00
3.633480747681225154e+01,4.132469603241682569e-04,3.000000000000000000e+00
3.635559984982913306e+01,4.133122139449656282e-04,1.000000000000000000e+00
3.637639222284600748e+01,4.133774947691423599e-04,4.000000000000000000e+00
3.639718459586288901e+01,4.134428027838127091e-04,2.000000000000000000e+00
3.641797696887976343e+01,4.135081379760933724e-04,4.000000000000000000e+00
3.643876934189664496e+01,4.135735003331041906e-04,5.000000000000000000e+00
3.645956171491352649e+01,4.136388898419675526e-04,3.000000000000000000e+00
3.648035408793040091e+01,4.137043064898087200e-04,3.000000000000000000e+00
3.650114646094728243e+01,4.137697502637557195e-04,7.000000000000000000e+00
3.652193883396415686e+01,4.138352211509393965e-04,3.000000000000000000e+00
3.654273120698103838e+01,4.139007191384934696e-04,5.000000000000000000e+00
3.656352357999791280e+01,4.139662442135544763e-04,3.000000000000000000e+00
3.658431595301479433e+01,4.140317963632615564e-04,3.000000000000000000e+00
3.660510832603166875e+01,4.140973755747570477e-04,2.000000000000000000e+00
3.662590069904855028e+01,4.141629818351857820e-04,6.000000000000000000e+00
3.664669307206542470e+01,4.142286151316956809e-04,5.000000000000000000e+00
3.666748544508230623e+01,4.142942754514374309e-04,2.000000000000000000e+00
3.668827781809918775e+01,4.143599627815644829e-04,2.000000000000000000e+00
3.670907019111606218e+01,4.144256771092332697e-04,6.000000000000000000e+00
3.672986256413294370e+01,4.144914184216030428e-04,4.000000000000000000e+00
3.675065493714981812e+01,4.145571867058360353e-04,3.000000000000000000e+00
3.677144731016669965e+01,4.146229819490970824e-04,9.000000000000000000e+00
3.679223968318357407e+01,4.146888041385542721e-04,1.000000000000000000e+00
3.681303205620045560e+01,4.147546532613781856e-04,1.000000000000000000e+00
3.683382442921733002e+01,4.148205293047427114e-04,4.000000000000000000e+00
3.685461680223421155e+01,4.148864322558243399e-04,3.000000000000000000e+00
3.687540917525109307e+01,4.149523621018027055e-04,2.000000000000000000e+00
3.689620154826796750e+01,4.150183188298600450e-04,2.000000000000000000e+00
3.691699392128484902e+01,4.150843024271817935e-04,1.000000000000000000e+00
3.693778629430172344e+01,4.151503128809562590e-04,0.000000000000000000e+00
3.695857866731860497e+01,4.152163501783745687e-04,4.000000000000000000e+00
3.697937104033547939e+01,4.152824143066309939e-04,0.000000000000000000e+00
3.700016341335236092e+01,4.153485052529225165e-04,3.000000000000000000e+00
3.702095578636923534e+01,4.154146230044492081e-04,5.000000000000000000e+00
3.704174815938611687e+01,4.154807675484141222e-04,3.000000000000000000e+00
3.706254053240299839e+01,4.155469388720231310e-04,3.000000000000000000e+00
3.708333290541987282e+01,4.156131369624852510e-04,2.000000000000000000e+00
3.710412527843675434e+01,4.156793618070124259e-04,2.000000000000000000e+00
3.712491765145362876e+01,4.157456133928194185e-04,5.000000000000000000e+00
3.714571002447051029e+01,4.158118917071242982e-04,3.000000000000000000e+00
3.716650239748738471e+01,4.158781967371477368e-04,2.000000000000000000e+00
3.718729477050426624e+01,4.159445284701137127e-04,6.000000000000000000e+00
3.720808714352114066e+01,4.160108868932491316e-04,1.000000000000000000e+00
3.722887951653802219e+01,4.160772719937838810e-04,2.000000000000000000e+00
3.724967188955490371e+01,4.161436837589507754e-04,3.000000000000000000e+00
3.727046426257177814e+01,4.162101221759858280e-04,2.000000000000000000e+00
3.729125663558865966e+01,4.162765872321279250e-04,6.000000000000000000e+00
3.731204900860553408e+01,4.163430789146192051e-04,3.000000000000000000e+00
3.733284138162241561e+01,4.164095972107045179e-04,4.000000000000000000e+00
3.735363375463929003e+01,4.164761421076320193e-04,6.000000000000000000e+00
3.737442612765617156e+01,4.165427135926528471e-04,0.000000000000000000e+00
3.739521850067304598e+01,4.166093116530211748e-04,2.000000000000000000e+00
3.741601087368992751e+01,4.166759362759942117e-04,6.000000000000000000e+00
3.743680324670680193e+01,4.167425874488323110e-04,3.000000000000000000e+00
3.745759561972368346e+01,4.168092651587988078e-04,6.000000000000000000e+00
3.747838799274056498e+01,4.168759693931602356e-04,4.000000000000000000e+00
3.749918036575743940e+01,4.169427001391861091e-04,3.000000000000000000e+00
3.751997273877432093e+01,4.170094573841490334e-04,3.000000000000000000e+00
3.754076511179119535e+01,4.170762411153248117e-04,1.000000000000000000e+00
3.756155748480807688e+01,4.171430513199922831e-04,3.000000000000000000e+00
3.758234985782495130e+01,4.172098879854333224e-04,3.000000000000000000e+00
3.760314223084183283e+01,4.172767510989330028e-04,3.000000000000000000e+00
3.762393460385870725e+01,4.173436406477795419e-04,4.000000000000000000e+00
3.764472697687558878e+01,4.174105566192642469e-04,4.000000000000000000e+00
3.766551934989247030e+01,4.174774990006814611e-04,5.000000000000000000e+00
3.768631172290934472e+01,4.175444677793288886e-04,4.000000000000000000e+00
3.770710409592622625e+01,4.176114629425071068e-04,1.000000000000000000e+00
3.772789646894310067e+01,4.176784844775200539e-04,2.000000000000000000e+00
3.774868884195998220e+01,4.177455323716747042e-04,3.000000000000000000e+00
3.776948121497685662e+01,4.178126066122811759e-04,1.000000000000000000e+00
3.779027358799373815e+01,4.178797071866528399e-04,4.000000000000000000e+00
3.781106596101061257e+01,4.179468340821062113e-04,5.000000000000000000e+00
3.783185833402749410e+01,4.180139872859608952e-04,5.000000000000000000e+00
3.785265070704437562e+01,4.180811667855397493e-04,3.000000000000000000e+00
3.787344308006125004e+01,4.181483725681687754e-04,2.000000000000000000e+00
3.789423545307813157e+01,4.182156046211772823e-04,3.000000000000000000e+00
3.791502782609500599e+01,4.182828629318976143e-04,0.000000000000000000e+00
3.793582019911188752e+01,4.183501474876654227e-04,1.000000000000000000e+00
3.795661257212876194e+01,4.184174582758195030e-04,7.000000000000000000e+00
3.797740494514564347e+01,4.184847952837018490e-04,3.000000000000000000e+00
3.799819731816251789e+01,4.185521584986578157e-04,5.000000000000000000e+00
3.801898969117939941e+01,4.186195479080357393e-04,3.000000000000000000e+00
3.803978206419628094e+01,4.186869634991873717e-04,2.000000000000000000e+00
3.806057443721315536e+01,4.187544052594676628e-04,0.000000000000000000e+00
3.808136681023003689e+01,4.188218731762347611e-04,5.000000000000000000e+00
3.810215918324691131e+01,4.188893672368501219e-04,4.000000000000000000e+00
3.812295155626379284e+01,4.189568874286783446e-04,1.000000000000000000e+00
3.814374392928066726e+01,4.190244337390873356e-04,2.000000000000000000e+00
3.816453630229754879e+01,4.190920061554483079e-04,4.000000000000000000e+00
3.818532867531442321e+01,4.191596046651356730e-04,3.000000000000000000e+00
3.820612104833130473e+01,4.192272292555270950e-04,1.000000000000000000e+00
3.822691342134818626e+01,4.192948799140036533e-04,3.000000000000000000e+00
3.824770579436506068e+01,4.193625566279495713e-04,1.000000000000000000e+00
3.826849816738194221e+01,4.194302593847523252e-04,6.000000000000000000e+00
3.828929054039881663e+01,4.194979881718028064e-04,3.000000000000000000e+00
3.831008291341569816e+01,4.195657429764951588e-04,3.000000000000000000e+00
3.833087528643257258e+01,4.196335237862267790e-04,3.000000000000000000e+00
3.835166765944945411e+01,4.197013305883983704e-04,3.000000000000000000e+00
3.837246003246632853e+01,4.197691633704141059e-04,4.000000000000000000e+00
3.839325240548321005e+01,4.198370221196811940e-04,3.000000000000000000e+00
3.841404477850008448e+01,4.199049068236104213e-04,2.000000000000000000e+00
3.843483715151696600e+01,4.199728174696157725e-04,2.000000000000000000e+00
3.845562952453384753e+01,4.200407540451145936e-04,3.000000000000000000e+00
3.847642189755072195e+01,4.201087165375275373e-04,4.000000000000000000e+00
3.849721427056760348e+01,4.201767049342786174e-04,3.000000000000000000e+00
3.851800664358447790e+01,4.202447192227952628e-04,5.000000000000000000e+00
3.853879901660135943e+01,4.203127593905081009e-04,1.000000000000000000e+00
3.855959138961823385e+01,4.203808254248512827e-04,7.000000000000000000e+00
3.858038376263511537e+01,4.204489173132622119e-04,5.000000000000000000e+00
3.860117613565198980e+01,4.205170350431816531e-04,0.000000000000000000e+00
3.862196850866887132e+01,4.205851786020538404e-04,1.000000000000000000e+00
3.864276088168575285e+01,4.206533479773263691e-04,2.000000000000000000e+00
3.866355325470262727e+01,4.207215431564499783e-04,2.000000000000000000e+00
3.868434562771950880e+01,4.207897641268792022e-04,3.000000000000000000e+00
3.870513800073638322e+01,4.208580108760716105e-04,4.000000000000000000e+00
3.872593037375326475e+01,4.209262833914883509e-04,1.000000000000000000e+00
3.874672274677013917e+01,4.209945816605939863e-04,3.000000000000000000e+00
3.876751511978702069e+01,4.210629056708563322e-04,3.000000000000000000e+00
3.878830749280389512e+01,4.211312554097467278e-04,3.000000000000000000e+00
3.880909986582077664e+01,4.211996308647399274e-04,2.000000000000000000e+00
3.882989223883765817e+01,4.212680320233142092e-04,4.000000000000000000e+00
3.885068461185453259e+01,4.213364588729509954e-04,3.000000000000000000e+00
3.887147698487141412e+01,4.214049114011353403e-04,3.000000000000000000e+00
3.889226935788828854e+01,4.214733895953557134e-04,2.000000000000000000e+00
3.891306173090517007e+01,4.215418934431040539e-04,1.000000000000000000e+00
3.893385410392204449e+01,4.216104229318756616e-04,2.000000000000000000e+00
3.895464647693892601e+01,4.216789780491693061e-04,2.000000000000000000e+00
3.897543884995580044e+01,4.217475587824871721e-04,3.000000000000000000e+00
3.899623122297268196e+01,4.218161651193351306e-04,4.000000000000000000e+00
3.901702359598956349e+01,4.218847970472221968e-04,5.000000000000000000e+00
3.903781596900643791e+01,4.219534545536610722e-04,1.000000000000000000e+00
3.905860834202331944e+01,4.220221376261678193e-04,2.000000000000000000e+00
3.907940071504019386e+01,4.220908462522620784e-04,2.000000000000000000e+00
3.910019308805707539e+01,4.221595804194668510e-04,5.000000000000000000e+00
3.912098546107394981e+01,4.222283401153088247e-04,6.000000000000000000e+00
3.914177783409083133e+01,4.222971253273178857e-04,2.000000000000000000e+00
3.916257020710770576e+01,4.223659360430277146e-04,3.000000000000000000e+00
3.918336258012458728e+01,4.224347722499752992e-04,2.000000000000000000e+00
3.920415495314146170e+01,4.225036339357011506e-04,1.000000000000000000e+00
3.922494732615834323e+01,4.225725210877494123e-04,4.000000000000000000e+00
3.924573969917522476e+01,4.226414336936676428e-04,3.000000000000000000e+00
3.926653207219209918e+01,4.227103717410069243e-04,3.000000000000000000e+00
3.928732444520898071e+01,4.227793352173219170e-04,3.000000000000000000e+00
3.930811681822585513e+01,4.228483241101708046e-04,1.000000000000000000e+00
3.932890919124273665e+01,4.229173384071152402e-04,3.000000000000000000e+00
3.934970156425961108e+01,4.229863780957204551e-04,0.000000000000000000e+00
3.937049393727649260e+01,4.230554431635552039e-04,1.000000000000000000e+00
3.939128631029336702e+01,4.231245335981918191e-04,1.000000000000000000e+00
3.941207868331024855e+01,4.231936493872062656e-04,3.000000000000000000e+00
3.943287105632713008e+01,4.232627905181778147e-04,0.000000000000000000e+00
3.945366342934400450e+01,4.233319569786896412e-04,3.000000000000000000e+00
3.947445580236088603e+01,4.234011487563281721e-04,3.000000000000000000e+00
3.949524817537776045e+01,4.234703658386836296e-04,3.000000000000000000e+00
3.951604054839464197e+01,4.235396082133496506e-04,5.000000000000000000e+00
3.953683292141151639e+01,4.236088758679235587e-04,3.000000000000000000e+00
3.955762529442839792e+01,4.236781687900062010e-04,2.000000000000000000e+00
3.957841766744527234e+01,4.237474869672020568e-04,5.000000000000000000e+00
3.959921004046215387e+01,4.238168303871192371e-04,4.000000000000000000e+00
3.962000241347903540e+01,4.238861990373693229e-04,3.000000000000000000e+00
3.964079478649590982e+01,4.239555929055675268e-04,6.000000000000000000e+00
3.966158715951279135e+01,4.240250119793328022e-04,5.000000000000000000e+00
3.968237953252966577e+01,4.240944562462875718e-04,6.000000000000000000e+00
3.970317190554654729e+01,4.241639256940579446e-04,6.000000000000000000e+00
3.972396427856342171e+01,4.242334203102736075e-04,5.000000000000000000e+00
3.974475665158030324e+01,4.243029400825679338e-04,1.000000000000000000e+00
3.976554902459717766e+01,4.243724849985778202e-04,2.000000000000000000e+00
3.978634139761405919e+01,4.244420550459438498e-04,1.000000000000000000e+00
3.980713377063094072e+01,4.245116502123103463e-04,3.000000000000000000e+00
3.982792614364781514e+01,4.245812704853250486e-04,5.000000000000000000e+00
3.984871851666469666e+01,4.246509158526396528e-04,2.000000000000000000e+00
3.986951088968157109e+01,4.247205863019091619e-04,3.000000000000000000e+00
3.989030326269845261e+01,4.247902818207924280e-04,3.000000000000000000e+00
3.991109563571532703e+01,4.248600023969519349e-04,5.000000000000000000e+00
3.993188800873220856e+01,4.249297480180538530e-04,1.000000000000000000e+00
3.995268038174908298e+01,4.249995186717680389e-04,1.000000000000000000e+00
3.997347275476596451e+01,4.250693143457678728e-04,4.000000000000000000e+00
3.999426512778283893e+01,4.251391350277305297e-04,2.000000000000000000e+00
4.001505750079972046e+01,4.252089807053369250e-04,3.000000000000000000e+00
4.003584987381660198e+01,4.252788513662714978e-04,4.000000000000000000e+00
4.005664224683347641e+01,4.253487469982224277e-04,3.000000000000000000e+00
4.007743461985035793e+01,4.254186675888817974e-04,3.000000000000000000e+00
4.009822699286723235e+01,4.254886131259449965e-04,5.000000000000000000e+00
4.011901936588411388e+01,4.255585835971113719e-04,2.000000000000000000e+00
4.013981173890098830e+01,4.256285789900840109e-04,4.000000000000000000e+00
4.016060411191786983e+01,4.256985992925695788e-04,2.000000000000000000e+00
4.018139648493474425e+01,4.257686444922784814e-04,2.000000000000000000e+00
4.020218885795162578e+01,4.258387145769249190e-04,6.000000000000000000e+00
4.022298123096850730e+01,4.259088095342266700e-04,2.000000000000000000e+00
4.024377360398538173e+01,4.259789293519054159e-04,2.000000000000000000e+00
4.026456597700226325e+01,4.260490740176864160e-04,4.000000000000000000e+00
4.028535835001913767e+01,4.261192435192987784e-04,3.000000000000000000e+00
4.030615072303601920e+01,4.261894378444752436e-04,5.000000000000000000e+00
4.032694309605289362e+01,4.262596569809524007e-04,1.000000000000000000e+00
4.034773546906977515e+01,4.263299009164704710e-04,3.000000000000000000e+00
4.036852784208664957e+01,4.264001696387735249e-04,1.000000000000000000e+00
4.038932021510353110e+01,4.264704631356093728e-04,1.000000000000000000e+00
4.041011258812041262e+01,4.265407813947295120e-04,1.000000000000000000e+00
4.043090496113728705e+01,4.266111244038892341e-04,3.000000000000000000e+00
4.045169733415416857e+01,4.266814921508476797e-04,3.000000000000000000e+00
4.047248970717104299e+01,4.267518846233676758e-04,5.000000000000000000e+00
4.049328208018792452e+01,4.268223018092158439e-04,3.000000000000000000e+00
4.051407445320479894e+01,4.268927436961624921e-04,5.000000000000000000e+00
4.053486682622168047e+01,4.269632102719818855e-04,3.000000000000000000e+00
4.055565919923855489e+01,4.270337015244520299e-04,6.000000000000000000e+00
4.057645157225543642e+01,4.271042174413545631e-04,1.000000000000000000e+00
4.059724394527231794e+01,4.271747580104751345e-04,2.000000000000000000e+00
4.061803631828919237e+01,4.272453232196030256e-04,3.000000000000000000e+00
4.063882869130607389e+01,4.273159130565313667e-04,5.000000000000000000e+00
4.065962106432294831e+01,4.273865275090572456e-04,2.000000000000000000e+00
4.068041343733982984e+01,4.274571665649812735e-04,1.000000000000000000e+00
4.070120581035670426e+01,4.275278302121080735e-04,2.000000000000000000e+00
4.072199818337358579e+01,4.275985184382460631e-04,3.000000000000000000e+00
4.074279055639046021e+01,4.276692312312075088e-04,2.000000000000000000e+00
4.076358292940734174e+01,4.277399685788083636e-04,2.000000000000000000e+00
4.078437530242421616e+01,4.278107304688684833e-04,2.000000000000000000e+00
4.080516767544109769e+01,4.278815168892116812e-04,1.000000000000000000e+00
4.082596004845797921e+01,4.279523278276654028e-04,7.000000000000000000e+00
4.084675242147485363e+01,4.280231632720610507e-04,2.000000000000000000e+00
4.086754479449173516e+01,4.280940232102338765e-04,4.000000000000000000e+00
4.088833716750860958e+01,4.281649076300229266e-04,4.000000000000000000e+00
4.090912954052549111e+01,4.282358165192710962e-04,0.000000000000000000e+00
4.092992191354236553e+01,4.283067498658252380e-04,3.000000000000000000e+00
4.095071428655924706e+01,4.283777076575359449e-04,0.000000000000000000e+00
4.097150665957612148e+01,4.284486898822577132e-04,3.000000000000000000e+00
4.099229903259300301e+01,4.285196965278489424e-04,2.000000000000000000e+00
4.101309140560988453e+01,4.285907275821718263e-04,3.000000000000000000e+00
4.103388377862675895e+01,4.286617830330925164e-04,4.000000000000000000e+00
4.105467615164364048e+01,4.287328628684809587e-04,4.000000000000000000e+00
4.107546852466051490e+01,4.288039670762110568e-04,3.000000000000000000e+00
4.109626089767739643e+01,4.288750956441606172e-04,6.000000000000000000e+00
4.111705327069427085e+01,4.289462485602111869e-04,2.000000000000000000e+00
4.113784564371115238e+01,4.290174258122483788e-04,6.000000000000000000e+00
4.115863801672802680e+01,4.290886273881616003e-04,1.000000000000000000e+00
4.117943038974490833e+01,4.291598532758441622e-04,4.000000000000000000e+00
4.120022276276178985e+01,4.292311034631933323e-04,5.000000000000000000e+00
4.122101513577866427e+01,4.293023779381102277e-04,3.000000000000000000e+00
4.124180750879554580e+01,4.293736766884999226e-04,0.000000000000000000e+00
4.126259988181242022e+01,4.294449997022713942e-04,4.000000000000000000e+00
4.128339225482930175e+01,4.295163469673375233e-04,2.000000000000000000e+00
4.130418462784617617e+01,4.295877184716152017e-04,2.000000000000000000e+00
4.132497700086305770e+01,4.296591142030249536e-04,6.000000000000000000e+00
4.134576937387993212e+01,4.297305341494916399e-04,4.000000000000000000e+00
4.136656174689681364e+01,4.298019782989436995e-04,1.000000000000000000e+00
4.138735411991369517e+01,4.298734466393138538e-04,1.000000000000000000e+00
4.140814649293056959e+01,4.299449391585384020e-04,1.000000000000000000e+00
4.142893886594745112e+01,4.300164558445578175e-04,1.000000000000000000e+00
4.144973123896432554e+01,4.300879966853164769e-04,2.000000000000000000e+00
4.147052361198120707e+01,4.301595616687626058e-04,1.000000000000000000e+00
4.149131598499808149e+01,4.302311507828486038e-04,3.000000000000000000e+00
4.151210835801496302e+01,4.303027640155305568e-04,5.000000000000000000e+00
4.153290073103183744e+01,4.303744013547686708e-04,3.000000000000000000e+00
4.155369310404871896e+01,4.304460627885271632e-04,1.000000000000000000e+00
4.157448547706559339e+01,4.305177483047740463e-04,3.000000000000000000e+00
4.159527785008247491e+01,4.305894578914814521e-04,2.000000000000000000e+00
4.161607022309935644e+01,4.306611915366253618e-04,4.000000000000000000e+00
4.163686259611623086e+01,4.307329492281859306e-04,1.000000000000000000e+00
4.165765496913311239e+01,4.308047309541470542e-04,0.000000000000000000e+00
4.167844734214998681e+01,4.308765367024967484e-04,4.000000000000000000e+00
4.169923971516686834e+01,4.309483664612270403e-04,3.000000000000000000e+00
4.172003208818374276e+01,4.310202202183338062e-04,3.000000000000000000e+00
4.174082446120062428e+01,4.310920979618170965e-04,4.000000000000000000e+00
4.176161683421749871e+01,4.311639996796809188e-04,2.000000000000000000e+00
4.178240920723438023e+01,4.312359253599330755e-04,3.000000000000000000e+00
4.180320158025126176e+01,4.313078749905856516e-04,4.000000000000000000e+00
4.182399395326813618e+01,4.313798485596545811e-04,3.000000000000000000e+00
4.184478632628501771e+01,4.314518460551598094e-04,1.000000000000000000e+00
4.186557869930189213e+01,4.315238674651255104e-04,1.000000000000000000e+00
4.188637107231877366e+01,4.315959127775794357e-04,3.000000000000000000e+00
4.190716344533564808e+01,4.316679819805538366e-04,1.000000000000000000e+00
4.192795581835252960e+01,4.317400750620847046e-04,5.000000000000000000e+00
4.194874819136940403e+01,4.318121920102120431e-04,4.000000000000000000e+00
4.196954056438628555e+01,4.318843328129801378e-04,3.000000000000000000e+00
4.199033293740316708e+01,4.319564974584369607e-04,4.000000000000000000e+00
4.201112531042004150e+01,4.320286859346348209e-04,4.000000000000000000e+00
4.203191768343692303e+01,4.321008982296299303e-04,4.000000000000000000e+00
4.205271005645379745e+01,4.321731343314825125e-04,2.000000000000000000e+00
4.207350242947067898e+01,4.322453942282569652e-04,6.000000000000000000e+00
4.209429480248755340e+01,4.323176779080215352e-04,1.000000000000000000e+00
4.211508717550443492e+01,4.323899853588487516e-04,0.000000000000000000e+00
4.213587954852130935e+01,4.324623165688149928e-04,0.000000000000000000e+00
4.215667192153819087e+01,4.325346715260009194e-04,0.000000000000000000e+00
4.217746429455507240e+01,4.326070502184910412e-04,0.000000000000000000e+00
4.219825666757194682e+01,4.326794526343739878e-04,0.000000000000000000e+00
4.221904904058882835e+01,4.327518787617426173e-04,0.000000000000000000e+00
4.223984141360570277e+01,4.328243285886935825e-04,0.000000000000000000e+00
4.226063378662258430e+01,4.328968021033278730e-04,0.000000000000000000e+00
4.228142615963945872e+01,4.329692992937504356e-04,0.000000000000000000e+00
4.230221853265634024e+01,4.330418201480702831e-04,0.000000000000000000e+00
4.232301090567321467e+01,4.331143646544004938e-04,0.000000000000000000e+00
4.234380327869009619e+01,4.331869328008583204e-04,0.000000000000000000e+00
4.236459565170697061e+01,4.332595245755650813e-04,0.000000000000000000e+00
4.238538802472385214e+01,4.333321399666460521e-04,0.000000000000000000e+00
4.240618039774073367e+01,4.334047789622308996e-04,0.000000000000000000e+00
4.242697277075760809e+01,4.334774415504531395e-04,0.000000000000000000e+00
4.244776514377448962e+01,4.335501277194504072e-04,0.000000000000000000e+00
4.246855751679136404e+01,4.336228374573645127e-04,0.000000000000000000e+00
4.248934988980824556e+01,4.336955707523413857e-04,0.000000000000000000e+00
4.251014226282511999e+01,4.337683275925310758e-04,0.000000000000000000e+00
4.253093463584200151e+01,4.338411079660876445e-04,0.000000000000000000e+00
4.255172700885887593e+01,4.339139118611693271e-04,0.000000000000000000e+00
4.257251938187575746e+01,4.339867392659385874e-04,0.000000000000000000e+00
4.259331175489263899e+01,4.340595901685617925e-04,0.000000000000000000e+00
4.261410412790951341e+01,4.341324645572097003e-04,0.000000000000000000e+00
4.263489650092639494e+01,4.342053624200568635e-04,0.000000000000000000e+00
4.265568887394326936e+01,4.342782837452823885e-04,0.000000000000000000e+00
4.267648124696015088e+01,4.343512285210691221e-04,0.000000000000000000e+00
4.269727361997702531e+01,4.344241967356042480e-04,0.000000000000000000e+00
4.271806599299390683e+01,4.344971883770791239e-04,0.000000000000000000e+00
4.273885836601078125e+01,4.345702034336891193e-04,0.000000000000000000e+00
4.275965073902766278e+01,4.346432418936337777e-04,0.000000000000000000e+00
